critic_name,genre,reviews_amount
A.O. Scott,Action & Adventure,571
A.O. Scott,Animation,219
A.O. Scott,Anime & Manga,2
A.O. Scott,Art House & International,291
A.O. Scott,Classics,15
A.O. Scott,Comedy,1282
A.O. Scott,Cult Movies,3
A.O. Scott,Documentary,110
A.O. Scott,Drama,1586
A.O. Scott,Faith & Spirituality,6
A.O. Scott,Gay & Lesbian,5
A.O. Scott,Horror,108
A.O. Scott,Kids & Family,297
A.O. Scott,Musical & Performing Arts,89
A.O. Scott,Mystery & Suspense,388
A.O. Scott,Romance,280
A.O. Scott,Science Fiction & Fantasy,271
A.O. Scott,Special Interest,103
A.O. Scott,Sports & Fitness,22
A.O. Scott,Television,16
A.O. Scott,Western,25
Alistair Harkness,Action & Adventure,637
Alistair Harkness,Animation,238
Alistair Harkness,Anime & Manga,1
Alistair Harkness,Art House & International,281
Alistair Harkness,Classics,6
Alistair Harkness,Comedy,722
Alistair Harkness,Cult Movies,2
Alistair Harkness,Documentary,48
Alistair Harkness,Drama,1113
Alistair Harkness,Faith & Spirituality,1
Alistair Harkness,Gay & Lesbian,3
Alistair Harkness,Horror,207
Alistair Harkness,Kids & Family,239
Alistair Harkness,Musical & Performing Arts,53
Alistair Harkness,Mystery & Suspense,414
Alistair Harkness,Romance,169
Alistair Harkness,Science Fiction & Fantasy,361
Alistair Harkness,Special Interest,41
Alistair Harkness,Sports & Fitness,12
Alistair Harkness,Television,4
Alistair Harkness,Western,19
Allan Hunter,Action & Adventure,667
Allan Hunter,Animation,282
Allan Hunter,Art House & International,360
Allan Hunter,Classics,44
Allan Hunter,Comedy,774
Allan Hunter,Cult Movies,3
Allan Hunter,Documentary,56
Allan Hunter,Drama,1304
Allan Hunter,Gay & Lesbian,2
Allan Hunter,Horror,134
Allan Hunter,Kids & Family,269
Allan Hunter,Musical & Performing Arts,75
Allan Hunter,Mystery & Suspense,378
Allan Hunter,Romance,215
Allan Hunter,Science Fiction & Fantasy,366
Allan Hunter,Special Interest,44
Allan Hunter,Sports & Fitness,8
Allan Hunter,Television,8
Allan Hunter,Western,29
Andrea Chase,Action & Adventure,1234
Andrea Chase,Animation,428
Andrea Chase,Anime & Manga,2
Andrea Chase,Art House & International,116
Andrea Chase,Classics,33
Andrea Chase,Comedy,1531
Andrea Chase,Cult Movies,3
Andrea Chase,Documentary,112
Andrea Chase,Drama,1702
Andrea Chase,Gay & Lesbian,1
Andrea Chase,Horror,313
Andrea Chase,Kids & Family,512
Andrea Chase,Musical & Performing Arts,52
Andrea Chase,Mystery & Suspense,775
Andrea Chase,Romance,333
Andrea Chase,Science Fiction & Fantasy,775
Andrea Chase,Special Interest,109
Andrea Chase,Sports & Fitness,9
Andrea Chase,Television,9
Andrea Chase,Western,37
Bill Gibron,Action & Adventure,1293
Bill Gibron,Animation,455
Bill Gibron,Anime & Manga,2
Bill Gibron,Art House & International,170
Bill Gibron,Classics,32
Bill Gibron,Comedy,1346
Bill Gibron,Cult Movies,1
Bill Gibron,Documentary,85
Bill Gibron,Drama,1190
Bill Gibron,Faith & Spirituality,4
Bill Gibron,Gay & Lesbian,1
Bill Gibron,Horror,424
Bill Gibron,Kids & Family,530
Bill Gibron,Musical & Performing Arts,82
Bill Gibron,Mystery & Suspense,749
Bill Gibron,Romance,187
Bill Gibron,Science Fiction & Fantasy,803
Bill Gibron,Special Interest,85
Bill Gibron,Sports & Fitness,12
Bill Gibron,Television,4
Bill Gibron,Western,33
Bill Goodykoontz,Action & Adventure,1019
Bill Goodykoontz,Animation,385
Bill Goodykoontz,Art House & International,171
Bill Goodykoontz,Classics,13
Bill Goodykoontz,Comedy,1190
Bill Goodykoontz,Cult Movies,3
Bill Goodykoontz,Documentary,115
Bill Goodykoontz,Drama,1586
Bill Goodykoontz,Faith & Spirituality,4
Bill Goodykoontz,Gay & Lesbian,1
Bill Goodykoontz,Horror,246
Bill Goodykoontz,Kids & Family,418
Bill Goodykoontz,Musical & Performing Arts,78
Bill Goodykoontz,Mystery & Suspense,598
Bill Goodykoontz,Romance,268
Bill Goodykoontz,Science Fiction & Fantasy,616
Bill Goodykoontz,Special Interest,74
Bill Goodykoontz,Sports & Fitness,18
Bill Goodykoontz,Television,9
Bill Goodykoontz,Western,39
Bob Bloom,Action & Adventure,1113
Bob Bloom,Animation,386
Bob Bloom,Art House & International,68
Bob Bloom,Classics,275
Bob Bloom,Comedy,999
Bob Bloom,Cult Movies,11
Bob Bloom,Documentary,30
Bob Bloom,Drama,1357
Bob Bloom,Horror,193
Bob Bloom,Kids & Family,458
Bob Bloom,Musical & Performing Arts,112
Bob Bloom,Mystery & Suspense,550
Bob Bloom,Romance,293
Bob Bloom,Science Fiction & Fantasy,715
Bob Bloom,Special Interest,71
Bob Bloom,Sports & Fitness,24
Bob Bloom,Television,4
Bob Bloom,Western,81
Brian Orndorf,Action & Adventure,2600
Brian Orndorf,Animation,943
Brian Orndorf,Anime & Manga,2
Brian Orndorf,Art House & International,530
Brian Orndorf,Classics,96
Brian Orndorf,Comedy,3526
Brian Orndorf,Cult Movies,19
Brian Orndorf,Documentary,286
Brian Orndorf,Drama,3770
Brian Orndorf,Faith & Spirituality,7
Brian Orndorf,Gay & Lesbian,4
Brian Orndorf,Horror,1029
Brian Orndorf,Kids & Family,1157
Brian Orndorf,Musical & Performing Arts,276
Brian Orndorf,Mystery & Suspense,1823
Brian Orndorf,Romance,763
Brian Orndorf,Science Fiction & Fantasy,1550
Brian Orndorf,Special Interest,224
Brian Orndorf,Sports & Fitness,68
Brian Orndorf,Television,20
Brian Orndorf,Western,81
Brian Webster,Action & Adventure,680
Brian Webster,Animation,512
Brian Webster,Art House & International,82
Brian Webster,Classics,338
Brian Webster,Comedy,991
Brian Webster,Cult Movies,6
Brian Webster,Documentary,29
Brian Webster,Drama,1069
Brian Webster,Faith & Spirituality,2
Brian Webster,Horror,180
Brian Webster,Kids & Family,644
Brian Webster,Musical & Performing Arts,175
Brian Webster,Mystery & Suspense,585
Brian Webster,Romance,302
Brian Webster,Science Fiction & Fantasy,613
Brian Webster,Special Interest,54
Brian Webster,Sports & Fitness,2
Brian Webster,Television,7
Brian Webster,Western,24
Carrie Rickey,Action & Adventure,598
Carrie Rickey,Animation,204
Carrie Rickey,Anime & Manga,3
Carrie Rickey,Art House & International,196
Carrie Rickey,Classics,20
Carrie Rickey,Comedy,1404
Carrie Rickey,Cult Movies,3
Carrie Rickey,Documentary,94
Carrie Rickey,Drama,1398
Carrie Rickey,Faith & Spirituality,2
Carrie Rickey,Horror,51
Carrie Rickey,Kids & Family,411
Carrie Rickey,Musical & Performing Arts,83
Carrie Rickey,Mystery & Suspense,295
Carrie Rickey,Romance,364
Carrie Rickey,Science Fiction & Fantasy,298
Carrie Rickey,Special Interest,99
Carrie Rickey,Sports & Fitness,18
Carrie Rickey,Television,9
Carrie Rickey,Western,21
Cherryl Dawson and Leigh Ann Palone,Action & Adventure,697
Cherryl Dawson and Leigh Ann Palone,Animation,320
Cherryl Dawson and Leigh Ann Palone,Anime & Manga,16
Cherryl Dawson and Leigh Ann Palone,Art House & International,291
Cherryl Dawson and Leigh Ann Palone,Classics,26
Cherryl Dawson and Leigh Ann Palone,Comedy,1212
Cherryl Dawson and Leigh Ann Palone,Cult Movies,2
Cherryl Dawson and Leigh Ann Palone,Documentary,154
Cherryl Dawson and Leigh Ann Palone,Drama,1411
Cherryl Dawson and Leigh Ann Palone,Faith & Spirituality,27
Cherryl Dawson and Leigh Ann Palone,Gay & Lesbian,3
Cherryl Dawson and Leigh Ann Palone,Horror,154
Cherryl Dawson and Leigh Ann Palone,Kids & Family,459
Cherryl Dawson and Leigh Ann Palone,Musical & Performing Arts,99
Cherryl Dawson and Leigh Ann Palone,Mystery & Suspense,517
Cherryl Dawson and Leigh Ann Palone,Romance,350
Cherryl Dawson and Leigh Ann Palone,Science Fiction & Fantasy,359
Cherryl Dawson and Leigh Ann Palone,Special Interest,126
Cherryl Dawson and Leigh Ann Palone,Sports & Fitness,34
Cherryl Dawson and Leigh Ann Palone,Television,20
Cherryl Dawson and Leigh Ann Palone,Western,20
Chris Bumbray,Action & Adventure,778
Chris Bumbray,Animation,85
Chris Bumbray,Art House & International,100
Chris Bumbray,Classics,17
Chris Bumbray,Comedy,690
Chris Bumbray,Cult Movies,4
Chris Bumbray,Documentary,27
Chris Bumbray,Drama,1060
Chris Bumbray,Gay & Lesbian,1
Chris Bumbray,Horror,208
Chris Bumbray,Kids & Family,126
Chris Bumbray,Musical & Performing Arts,42
Chris Bumbray,Mystery & Suspense,482
Chris Bumbray,Romance,149
Chris Bumbray,Science Fiction & Fantasy,449
Chris Bumbray,Special Interest,34
Chris Bumbray,Sports & Fitness,14
Chris Bumbray,Television,7
Chris Bumbray,Western,31
Chris Hewitt,Action & Adventure,1868
Chris Hewitt,Animation,663
Chris Hewitt,Anime & Manga,1
Chris Hewitt,Art House & International,1217
Chris Hewitt,Classics,45
Chris Hewitt,Comedy,2763
Chris Hewitt,Cult Movies,4
Chris Hewitt,Documentary,436
Chris Hewitt,Drama,3909
Chris Hewitt,Faith & Spirituality,48
Chris Hewitt,Gay & Lesbian,11
Chris Hewitt,Horror,447
Chris Hewitt,Kids & Family,927
Chris Hewitt,Musical & Performing Arts,233
Chris Hewitt,Mystery & Suspense,1252
Chris Hewitt,Romance,1231
Chris Hewitt,Science Fiction & Fantasy,971
Chris Hewitt,Special Interest,339
Chris Hewitt,Sports & Fitness,86
Chris Hewitt,Television,36
Chris Hewitt,Western,47
Christian Toto,Action & Adventure,912
Christian Toto,Animation,222
Christian Toto,Art House & International,57
Christian Toto,Classics,8
Christian Toto,Comedy,922
Christian Toto,Documentary,26
Christian Toto,Drama,976
Christian Toto,Faith & Spirituality,1
Christian Toto,Gay & Lesbian,1
Christian Toto,Horror,243
Christian Toto,Kids & Family,285
Christian Toto,Musical & Performing Arts,40
Christian Toto,Mystery & Suspense,487
Christian Toto,Romance,218
Christian Toto,Science Fiction & Fantasy,478
Christian Toto,Special Interest,26
Christian Toto,Sports & Fitness,13
Christian Toto,Television,12
Christian Toto,Western,26
Christopher Null,Action & Adventure,1034
Christopher Null,Animation,605
Christopher Null,Anime & Manga,1
Christopher Null,Art House & International,246
Christopher Null,Classics,600
Christopher Null,Comedy,1085
Christopher Null,Cult Movies,24
Christopher Null,Documentary,61
Christopher Null,Drama,1475
Christopher Null,Faith & Spirituality,9
Christopher Null,Gay & Lesbian,4
Christopher Null,Horror,305
Christopher Null,Kids & Family,667
Christopher Null,Musical & Performing Arts,233
Christopher Null,Mystery & Suspense,655
Christopher Null,Romance,391
Christopher Null,Science Fiction & Fantasy,808
Christopher Null,Special Interest,76
Christopher Null,Sports & Fitness,17
Christopher Null,Television,7
Christopher Null,Western,70
Claudia Puig,Action & Adventure,1226
Claudia Puig,Animation,558
Claudia Puig,Art House & International,705
Claudia Puig,Classics,33
Claudia Puig,Comedy,2081
Claudia Puig,Cult Movies,1
Claudia Puig,Documentary,113
Claudia Puig,Drama,2705
Claudia Puig,Faith & Spirituality,7
Claudia Puig,Gay & Lesbian,1
Claudia Puig,Horror,199
Claudia Puig,Kids & Family,739
Claudia Puig,Musical & Performing Arts,132
Claudia Puig,Mystery & Suspense,660
Claudia Puig,Romance,1008
Claudia Puig,Science Fiction & Fantasy,717
Claudia Puig,Special Interest,79
Claudia Puig,Sports & Fitness,33
Claudia Puig,Television,9
Claudia Puig,Western,34
Cole Smithey,Action & Adventure,1326
Cole Smithey,Animation,403
Cole Smithey,Art House & International,1107
Cole Smithey,Classics,291
Cole Smithey,Comedy,1916
Cole Smithey,Cult Movies,32
Cole Smithey,Documentary,266
Cole Smithey,Drama,3137
Cole Smithey,Faith & Spirituality,5
Cole Smithey,Gay & Lesbian,1
Cole Smithey,Horror,420
Cole Smithey,Kids & Family,502
Cole Smithey,Musical & Performing Arts,143
Cole Smithey,Mystery & Suspense,1070
Cole Smithey,Romance,1050
Cole Smithey,Science Fiction & Fantasy,657
Cole Smithey,Special Interest,234
Cole Smithey,Sports & Fitness,43
Cole Smithey,Television,26
Cole Smithey,Western,85
Dan Lybarger,Action & Adventure,783
Dan Lybarger,Animation,353
Dan Lybarger,Art House & International,172
Dan Lybarger,Classics,128
Dan Lybarger,Comedy,1159
Dan Lybarger,Cult Movies,5
Dan Lybarger,Documentary,66
Dan Lybarger,Drama,985
Dan Lybarger,Gay & Lesbian,1
Dan Lybarger,Horror,154
Dan Lybarger,Kids & Family,449
Dan Lybarger,Musical & Performing Arts,72
Dan Lybarger,Mystery & Suspense,445
Dan Lybarger,Romance,278
Dan Lybarger,Science Fiction & Fantasy,391
Dan Lybarger,Special Interest,34
Dan Lybarger,Sports & Fitness,18
Dan Lybarger,Television,4
Dan Lybarger,Western,21
Daniel M. Kimmel,Action & Adventure,1656
Daniel M. Kimmel,Animation,588
Daniel M. Kimmel,Anime & Manga,1
Daniel M. Kimmel,Art House & International,79
Daniel M. Kimmel,Classics,41
Daniel M. Kimmel,Comedy,1699
Daniel M. Kimmel,Cult Movies,1
Daniel M. Kimmel,Documentary,69
Daniel M. Kimmel,Drama,1617
Daniel M. Kimmel,Faith & Spirituality,2
Daniel M. Kimmel,Horror,295
Daniel M. Kimmel,Kids & Family,787
Daniel M. Kimmel,Musical & Performing Arts,112
Daniel M. Kimmel,Mystery & Suspense,749
Daniel M. Kimmel,Romance,391
Daniel M. Kimmel,Science Fiction & Fantasy,869
Daniel M. Kimmel,Special Interest,55
Daniel M. Kimmel,Sports & Fitness,28
Daniel M. Kimmel,Television,11
Daniel M. Kimmel,Western,35
David Nusair,Action & Adventure,2597
David Nusair,Animation,655
David Nusair,Anime & Manga,1
David Nusair,Art House & International,474
David Nusair,Classics,273
David Nusair,Comedy,3207
David Nusair,Cult Movies,34
David Nusair,Documentary,103
David Nusair,Drama,3495
David Nusair,Faith & Spirituality,1
David Nusair,Gay & Lesbian,1
David Nusair,Horror,1164
David Nusair,Kids & Family,992
David Nusair,Musical & Performing Arts,159
David Nusair,Mystery & Suspense,2077
David Nusair,Romance,781
David Nusair,Science Fiction & Fantasy,1434
David Nusair,Special Interest,128
David Nusair,Sports & Fitness,52
David Nusair,Television,33
David Nusair,Western,91
Dennis Schwartz,Action & Adventure,1807
Dennis Schwartz,Animation,415
Dennis Schwartz,Art House & International,1559
Dennis Schwartz,Classics,960
Dennis Schwartz,Comedy,2028
Dennis Schwartz,Cult Movies,46
Dennis Schwartz,Documentary,376
Dennis Schwartz,Drama,4964
Dennis Schwartz,Faith & Spirituality,26
Dennis Schwartz,Gay & Lesbian,16
Dennis Schwartz,Horror,712
Dennis Schwartz,Kids & Family,509
Dennis Schwartz,Musical & Performing Arts,307
Dennis Schwartz,Mystery & Suspense,1868
Dennis Schwartz,Romance,1354
Dennis Schwartz,Science Fiction & Fantasy,1277
Dennis Schwartz,Special Interest,347
Dennis Schwartz,Sports & Fitness,51
Dennis Schwartz,Television,40
Dennis Schwartz,Western,164
Duane Dudek,Action & Adventure,656
Duane Dudek,Animation,227
Duane Dudek,Art House & International,812
Duane Dudek,Classics,35
Duane Dudek,Comedy,849
Duane Dudek,Cult Movies,2
Duane Dudek,Documentary,93
Duane Dudek,Drama,1904
Duane Dudek,Faith & Spirituality,3
Duane Dudek,Gay & Lesbian,2
Duane Dudek,Horror,85
Duane Dudek,Kids & Family,276
Duane Dudek,Musical & Performing Arts,71
Duane Dudek,Mystery & Suspense,428
Duane Dudek,Romance,771
Duane Dudek,Science Fiction & Fantasy,453
Duane Dudek,Special Interest,83
Duane Dudek,Sports & Fitness,36
Duane Dudek,Television,12
Duane Dudek,Western,26
Dustin Putman,Action & Adventure,2264
Dustin Putman,Animation,860
Dustin Putman,Art House & International,142
Dustin Putman,Classics,120
Dustin Putman,Comedy,3208
Dustin Putman,Cult Movies,6
Dustin Putman,Documentary,130
Dustin Putman,Drama,2645
Dustin Putman,Faith & Spirituality,2
Dustin Putman,Gay & Lesbian,1
Dustin Putman,Horror,1067
Dustin Putman,Kids & Family,1214
Dustin Putman,Musical & Performing Arts,181
Dustin Putman,Mystery & Suspense,1601
Dustin Putman,Romance,681
Dustin Putman,Science Fiction & Fantasy,1389
Dustin Putman,Special Interest,129
Dustin Putman,Sports & Fitness,36
Dustin Putman,Television,21
Dustin Putman,Western,53
Ed Gonzalez,Action & Adventure,604
Ed Gonzalez,Animation,421
Ed Gonzalez,Anime & Manga,3
Ed Gonzalez,Art House & International,396
Ed Gonzalez,Classics,89
Ed Gonzalez,Comedy,874
Ed Gonzalez,Cult Movies,3
Ed Gonzalez,Documentary,120
Ed Gonzalez,Drama,1296
Ed Gonzalez,Faith & Spirituality,11
Ed Gonzalez,Gay & Lesbian,9
Ed Gonzalez,Horror,344
Ed Gonzalez,Kids & Family,470
Ed Gonzalez,Musical & Performing Arts,114
Ed Gonzalez,Mystery & Suspense,605
Ed Gonzalez,Romance,261
Ed Gonzalez,Science Fiction & Fantasy,391
Ed Gonzalez,Special Interest,106
Ed Gonzalez,Sports & Fitness,18
Ed Gonzalez,Television,13
Ed Gonzalez,Western,9
Edward Douglas,Action & Adventure,1135
Edward Douglas,Animation,219
Edward Douglas,Art House & International,316
Edward Douglas,Classics,18
Edward Douglas,Comedy,1274
Edward Douglas,Cult Movies,1
Edward Douglas,Documentary,191
Edward Douglas,Drama,1832
Edward Douglas,Gay & Lesbian,1
Edward Douglas,Horror,339
Edward Douglas,Kids & Family,286
Edward Douglas,Musical & Performing Arts,89
Edward Douglas,Mystery & Suspense,754
Edward Douglas,Romance,351
Edward Douglas,Science Fiction & Fantasy,673
Edward Douglas,Special Interest,155
Edward Douglas,Sports & Fitness,42
Edward Douglas,Television,13
Edward Douglas,Western,29
Elizabeth Weitzman,Action & Adventure,613
Elizabeth Weitzman,Animation,240
Elizabeth Weitzman,Anime & Manga,2
Elizabeth Weitzman,Art House & International,328
Elizabeth Weitzman,Classics,7
Elizabeth Weitzman,Comedy,1386
Elizabeth Weitzman,Documentary,175
Elizabeth Weitzman,Drama,1393
Elizabeth Weitzman,Faith & Spirituality,10
Elizabeth Weitzman,Gay & Lesbian,5
Elizabeth Weitzman,Horror,206
Elizabeth Weitzman,Kids & Family,343
Elizabeth Weitzman,Musical & Performing Arts,119
Elizabeth Weitzman,Mystery & Suspense,446
Elizabeth Weitzman,Romance,288
Elizabeth Weitzman,Science Fiction & Fantasy,327
Elizabeth Weitzman,Special Interest,134
Elizabeth Weitzman,Sports & Fitness,36
Elizabeth Weitzman,Television,12
Elizabeth Weitzman,Western,19
Emanuel Levy,Action & Adventure,1246
Emanuel Levy,Animation,308
Emanuel Levy,Art House & International,1102
Emanuel Levy,Classics,795
Emanuel Levy,Comedy,1938
Emanuel Levy,Cult Movies,14
Emanuel Levy,Documentary,114
Emanuel Levy,Drama,3730
Emanuel Levy,Faith & Spirituality,8
Emanuel Levy,Gay & Lesbian,16
Emanuel Levy,Horror,247
Emanuel Levy,Kids & Family,418
Emanuel Levy,Musical & Performing Arts,248
Emanuel Levy,Mystery & Suspense,1064
Emanuel Levy,Romance,1280
Emanuel Levy,Science Fiction & Fantasy,747
Emanuel Levy,Special Interest,114
Emanuel Levy,Sports & Fitness,35
Emanuel Levy,Television,37
Emanuel Levy,Western,83
Eric D. Snider,Action & Adventure,2227
Eric D. Snider,Animation,792
Eric D. Snider,Art House & International,901
Eric D. Snider,Classics,48
Eric D. Snider,Comedy,2997
Eric D. Snider,Cult Movies,4
Eric D. Snider,Documentary,173
Eric D. Snider,Drama,3689
Eric D. Snider,Faith & Spirituality,21
Eric D. Snider,Gay & Lesbian,5
Eric D. Snider,Horror,810
Eric D. Snider,Kids & Family,1079
Eric D. Snider,Musical & Performing Arts,187
Eric D. Snider,Mystery & Suspense,1475
Eric D. Snider,Romance,1189
Eric D. Snider,Science Fiction & Fantasy,1274
Eric D. Snider,Special Interest,157
Eric D. Snider,Sports & Fitness,54
Eric D. Snider,Television,30
Eric D. Snider,Western,52
Erik Childress,Action & Adventure,815
Erik Childress,Animation,323
Erik Childress,Art House & International,60
Erik Childress,Classics,33
Erik Childress,Comedy,1002
Erik Childress,Cult Movies,5
Erik Childress,Documentary,62
Erik Childress,Drama,1075
Erik Childress,Faith & Spirituality,1
Erik Childress,Gay & Lesbian,1
Erik Childress,Horror,220
Erik Childress,Kids & Family,335
Erik Childress,Musical & Performing Arts,59
Erik Childress,Mystery & Suspense,595
Erik Childress,Romance,240
Erik Childress,Science Fiction & Fantasy,462
Erik Childress,Special Interest,70
Erik Childress,Sports & Fitness,13
Erik Childress,Television,3
Erik Childress,Western,21
Eugene Novikov,Action & Adventure,952
Eugene Novikov,Animation,338
Eugene Novikov,Art House & International,136
Eugene Novikov,Classics,38
Eugene Novikov,Comedy,1154
Eugene Novikov,Cult Movies,5
Eugene Novikov,Documentary,70
Eugene Novikov,Drama,1391
Eugene Novikov,Gay & Lesbian,1
Eugene Novikov,Horror,277
Eugene Novikov,Kids & Family,448
Eugene Novikov,Musical & Performing Arts,75
Eugene Novikov,Mystery & Suspense,662
Eugene Novikov,Romance,333
Eugene Novikov,Science Fiction & Fantasy,540
Eugene Novikov,Special Interest,83
Eugene Novikov,Sports & Fitness,11
Eugene Novikov,Television,16
Eugene Novikov,Western,29
Frank Ochieng,Action & Adventure,870
Frank Ochieng,Animation,171
Frank Ochieng,Art House & International,100
Frank Ochieng,Classics,41
Frank Ochieng,Comedy,1116
Frank Ochieng,Cult Movies,8
Frank Ochieng,Documentary,36
Frank Ochieng,Drama,1003
Frank Ochieng,Faith & Spirituality,2
Frank Ochieng,Gay & Lesbian,1
Frank Ochieng,Horror,319
Frank Ochieng,Kids & Family,320
Frank Ochieng,Musical & Performing Arts,33
Frank Ochieng,Mystery & Suspense,593
Frank Ochieng,Romance,218
Frank Ochieng,Science Fiction & Fantasy,431
Frank Ochieng,Special Interest,47
Frank Ochieng,Sports & Fitness,21
Frank Ochieng,Television,9
Frank Ochieng,Western,23
Frank Swietek,Action & Adventure,2683
Frank Swietek,Animation,951
Frank Swietek,Anime & Manga,16
Frank Swietek,Art House & International,1302
Frank Swietek,Classics,63
Frank Swietek,Comedy,3877
Frank Swietek,Cult Movies,8
Frank Swietek,Documentary,376
Frank Swietek,Drama,5324
Frank Swietek,Faith & Spirituality,42
Frank Swietek,Gay & Lesbian,8
Frank Swietek,Horror,785
Frank Swietek,Kids & Family,1259
Frank Swietek,Musical & Performing Arts,264
Frank Swietek,Mystery & Suspense,1797
Frank Swietek,Romance,1444
Frank Swietek,Science Fiction & Fantasy,1468
Frank Swietek,Special Interest,292
Frank Swietek,Sports & Fitness,77
Frank Swietek,Television,37
Frank Swietek,Western,82
Frederic and Mary Ann Brussat,Action & Adventure,937
Frederic and Mary Ann Brussat,Animation,478
Frederic and Mary Ann Brussat,Anime & Manga,1
Frederic and Mary Ann Brussat,Art House & International,1128
Frederic and Mary Ann Brussat,Classics,53
Frederic and Mary Ann Brussat,Comedy,1492
Frederic and Mary Ann Brussat,Cult Movies,9
Frederic and Mary Ann Brussat,Documentary,333
Frederic and Mary Ann Brussat,Drama,3187
Frederic and Mary Ann Brussat,Faith & Spirituality,29
Frederic and Mary Ann Brussat,Gay & Lesbian,4
Frederic and Mary Ann Brussat,Horror,82
Frederic and Mary Ann Brussat,Kids & Family,605
Frederic and Mary Ann Brussat,Musical & Performing Arts,135
Frederic and Mary Ann Brussat,Mystery & Suspense,598
Frederic and Mary Ann Brussat,Romance,1073
Frederic and Mary Ann Brussat,Science Fiction & Fantasy,655
Frederic and Mary Ann Brussat,Special Interest,258
Frederic and Mary Ann Brussat,Sports & Fitness,47
Frederic and Mary Ann Brussat,Television,10
Frederic and Mary Ann Brussat,Western,47
Gary Thompson,Action & Adventure,988
Gary Thompson,Animation,284
Gary Thompson,Art House & International,103
Gary Thompson,Classics,17
Gary Thompson,Comedy,1151
Gary Thompson,Documentary,77
Gary Thompson,Drama,1397
Gary Thompson,Faith & Spirituality,1
Gary Thompson,Gay & Lesbian,1
Gary Thompson,Horror,164
Gary Thompson,Kids & Family,399
Gary Thompson,Musical & Performing Arts,65
Gary Thompson,Mystery & Suspense,629
Gary Thompson,Romance,310
Gary Thompson,Science Fiction & Fantasy,557
Gary Thompson,Special Interest,52
Gary Thompson,Sports & Fitness,29
Gary Thompson,Television,9
Gary Thompson,Western,29
Gary Wolcott,Action & Adventure,905
Gary Wolcott,Animation,387
Gary Wolcott,Art House & International,26
Gary Wolcott,Classics,8
Gary Wolcott,Comedy,895
Gary Wolcott,Cult Movies,3
Gary Wolcott,Documentary,32
Gary Wolcott,Drama,903
Gary Wolcott,Faith & Spirituality,2
Gary Wolcott,Gay & Lesbian,1
Gary Wolcott,Horror,142
Gary Wolcott,Kids & Family,433
Gary Wolcott,Musical & Performing Arts,63
Gary Wolcott,Mystery & Suspense,400
Gary Wolcott,Romance,186
Gary Wolcott,Science Fiction & Fantasy,538
Gary Wolcott,Special Interest,17
Gary Wolcott,Sports & Fitness,18
Gary Wolcott,Television,3
Gary Wolcott,Western,25
Geoffrey Macnab,Action & Adventure,639
Geoffrey Macnab,Animation,229
Geoffrey Macnab,Art House & International,165
Geoffrey Macnab,Classics,30
Geoffrey Macnab,Comedy,599
Geoffrey Macnab,Cult Movies,2
Geoffrey Macnab,Documentary,68
Geoffrey Macnab,Drama,1064
Geoffrey Macnab,Horror,115
Geoffrey Macnab,Kids & Family,199
Geoffrey Macnab,Musical & Performing Arts,68
Geoffrey Macnab,Mystery & Suspense,329
Geoffrey Macnab,Romance,114
Geoffrey Macnab,Science Fiction & Fantasy,334
Geoffrey Macnab,Special Interest,40
Geoffrey Macnab,Sports & Fitness,9
Geoffrey Macnab,Television,4
Geoffrey Macnab,Western,25
Harvey S. Karten,Action & Adventure,1189
Harvey S. Karten,Animation,268
Harvey S. Karten,Art House & International,1331
Harvey S. Karten,Classics,56
Harvey S. Karten,Comedy,2354
Harvey S. Karten,Cult Movies,6
Harvey S. Karten,Documentary,266
Harvey S. Karten,Drama,4192
Harvey S. Karten,Faith & Spirituality,11
Harvey S. Karten,Gay & Lesbian,2
Harvey S. Karten,Horror,349
Harvey S. Karten,Kids & Family,361
Harvey S. Karten,Musical & Performing Arts,143
Harvey S. Karten,Mystery & Suspense,1152
Harvey S. Karten,Romance,1205
Harvey S. Karten,Science Fiction & Fantasy,559
Harvey S. Karten,Special Interest,247
Harvey S. Karten,Sports & Fitness,46
Harvey S. Karten,Television,27
Harvey S. Karten,Western,56
Jack Garner,Action & Adventure,876
Jack Garner,Animation,369
Jack Garner,Art House & International,168
Jack Garner,Classics,38
Jack Garner,Comedy,1166
Jack Garner,Cult Movies,8
Jack Garner,Documentary,90
Jack Garner,Drama,1335
Jack Garner,Faith & Spirituality,17
Jack Garner,Gay & Lesbian,1
Jack Garner,Horror,142
Jack Garner,Kids & Family,481
Jack Garner,Musical & Performing Arts,90
Jack Garner,Mystery & Suspense,515
Jack Garner,Romance,334
Jack Garner,Science Fiction & Fantasy,452
Jack Garner,Special Interest,68
Jack Garner,Sports & Fitness,12
Jack Garner,Television,23
Jack Garner,Western,18
Jackie K. Cooper,Action & Adventure,1158
Jackie K. Cooper,Animation,364
Jackie K. Cooper,Art House & International,42
Jackie K. Cooper,Classics,15
Jackie K. Cooper,Comedy,1486
Jackie K. Cooper,Cult Movies,1
Jackie K. Cooper,Documentary,35
Jackie K. Cooper,Drama,1211
Jackie K. Cooper,Faith & Spirituality,13
Jackie K. Cooper,Gay & Lesbian,3
Jackie K. Cooper,Horror,268
Jackie K. Cooper,Kids & Family,518
Jackie K. Cooper,Musical & Performing Arts,68
Jackie K. Cooper,Mystery & Suspense,578
Jackie K. Cooper,Romance,341
Jackie K. Cooper,Science Fiction & Fantasy,577
Jackie K. Cooper,Special Interest,27
Jackie K. Cooper,Sports & Fitness,28
Jackie K. Cooper,Television,8
Jackie K. Cooper,Western,34
James Berardinelli,Action & Adventure,2873
James Berardinelli,Animation,832
James Berardinelli,Anime & Manga,1
James Berardinelli,Art House & International,478
James Berardinelli,Classics,306
James Berardinelli,Comedy,3552
James Berardinelli,Cult Movies,17
James Berardinelli,Documentary,157
James Berardinelli,Drama,4364
James Berardinelli,Faith & Spirituality,2
James Berardinelli,Gay & Lesbian,19
James Berardinelli,Horror,722
James Berardinelli,Kids & Family,1117
James Berardinelli,Musical & Performing Arts,225
James Berardinelli,Mystery & Suspense,1846
James Berardinelli,Romance,1025
James Berardinelli,Science Fiction & Fantasy,1681
James Berardinelli,Special Interest,176
James Berardinelli,Sports & Fitness,39
James Berardinelli,Television,32
James Berardinelli,Western,87
James Kendrick,Action & Adventure,1619
James Kendrick,Animation,803
James Kendrick,Art House & International,250
James Kendrick,Classics,496
James Kendrick,Comedy,1448
James Kendrick,Cult Movies,27
James Kendrick,Documentary,63
James Kendrick,Drama,2211
James Kendrick,Horror,493
James Kendrick,Kids & Family,820
James Kendrick,Musical & Performing Arts,194
James Kendrick,Mystery & Suspense,1123
James Kendrick,Romance,418
James Kendrick,Science Fiction & Fantasy,1249
James Kendrick,Special Interest,73
James Kendrick,Sports & Fitness,10
James Kendrick,Television,8
James Kendrick,Western,73
James Rocchi,Action & Adventure,1013
James Rocchi,Animation,317
James Rocchi,Art House & International,109
James Rocchi,Classics,104
James Rocchi,Comedy,1146
James Rocchi,Cult Movies,5
James Rocchi,Documentary,75
James Rocchi,Drama,1305
James Rocchi,Gay & Lesbian,1
James Rocchi,Horror,200
James Rocchi,Kids & Family,359
James Rocchi,Musical & Performing Arts,95
James Rocchi,Mystery & Suspense,629
James Rocchi,Romance,343
James Rocchi,Science Fiction & Fantasy,645
James Rocchi,Special Interest,80
James Rocchi,Sports & Fitness,29
James Rocchi,Television,8
James Rocchi,Western,34
James Verniere,Action & Adventure,1033
James Verniere,Animation,264
James Verniere,Anime & Manga,3
James Verniere,Art House & International,252
James Verniere,Classics,35
James Verniere,Comedy,1041
James Verniere,Cult Movies,6
James Verniere,Documentary,127
James Verniere,Drama,1547
James Verniere,Horror,263
James Verniere,Kids & Family,298
James Verniere,Musical & Performing Arts,80
James Verniere,Mystery & Suspense,633
James Verniere,Romance,276
James Verniere,Science Fiction & Fantasy,614
James Verniere,Special Interest,114
James Verniere,Sports & Fitness,17
James Verniere,Television,18
James Verniere,Western,51
Jeff Vice,Action & Adventure,1276
Jeff Vice,Animation,523
Jeff Vice,Anime & Manga,1
Jeff Vice,Art House & International,1050
Jeff Vice,Classics,33
Jeff Vice,Comedy,1909
Jeff Vice,Cult Movies,7
Jeff Vice,Documentary,245
Jeff Vice,Drama,2667
Jeff Vice,Faith & Spirituality,20
Jeff Vice,Gay & Lesbian,5
Jeff Vice,Horror,289
Jeff Vice,Kids & Family,760
Jeff Vice,Musical & Performing Arts,173
Jeff Vice,Mystery & Suspense,815
Jeff Vice,Romance,1059
Jeff Vice,Science Fiction & Fantasy,651
Jeff Vice,Special Interest,204
Jeff Vice,Sports & Fitness,54
Jeff Vice,Television,23
Jeff Vice,Western,24
Jeffrey Chen,Action & Adventure,853
Jeffrey Chen,Animation,416
Jeffrey Chen,Anime & Manga,1
Jeffrey Chen,Art House & International,793
Jeffrey Chen,Classics,35
Jeffrey Chen,Comedy,950
Jeffrey Chen,Cult Movies,5
Jeffrey Chen,Documentary,149
Jeffrey Chen,Drama,1725
Jeffrey Chen,Faith & Spirituality,2
Jeffrey Chen,Gay & Lesbian,1
Jeffrey Chen,Horror,157
Jeffrey Chen,Kids & Family,455
Jeffrey Chen,Musical & Performing Arts,83
Jeffrey Chen,Mystery & Suspense,466
Jeffrey Chen,Romance,839
Jeffrey Chen,Science Fiction & Fantasy,501
Jeffrey Chen,Special Interest,144
Jeffrey Chen,Sports & Fitness,19
Jeffrey Chen,Television,14
Jeffrey Chen,Western,17
Jeffrey M. Anderson,Action & Adventure,2226
Jeffrey M. Anderson,Animation,648
Jeffrey M. Anderson,Anime & Manga,6
Jeffrey M. Anderson,Art House & International,1330
Jeffrey M. Anderson,Classics,457
Jeffrey M. Anderson,Comedy,2561
Jeffrey M. Anderson,Cult Movies,33
Jeffrey M. Anderson,Documentary,219
Jeffrey M. Anderson,Drama,4396
Jeffrey M. Anderson,Faith & Spirituality,7
Jeffrey M. Anderson,Gay & Lesbian,3
Jeffrey M. Anderson,Horror,899
Jeffrey M. Anderson,Kids & Family,720
Jeffrey M. Anderson,Musical & Performing Arts,245
Jeffrey M. Anderson,Mystery & Suspense,1763
Jeffrey M. Anderson,Romance,1337
Jeffrey M. Anderson,Science Fiction & Fantasy,1374
Jeffrey M. Anderson,Special Interest,206
Jeffrey M. Anderson,Sports & Fitness,51
Jeffrey M. Anderson,Television,21
Jeffrey M. Anderson,Western,133
Jeffrey Westhoff,Action & Adventure,1170
Jeffrey Westhoff,Animation,454
Jeffrey Westhoff,Anime & Manga,18
Jeffrey Westhoff,Art House & International,83
Jeffrey Westhoff,Classics,138
Jeffrey Westhoff,Comedy,1406
Jeffrey Westhoff,Cult Movies,4
Jeffrey Westhoff,Documentary,34
Jeffrey Westhoff,Drama,1225
Jeffrey Westhoff,Faith & Spirituality,9
Jeffrey Westhoff,Horror,145
Jeffrey Westhoff,Kids & Family,630
Jeffrey Westhoff,Musical & Performing Arts,101
Jeffrey Westhoff,Mystery & Suspense,590
Jeffrey Westhoff,Romance,352
Jeffrey Westhoff,Science Fiction & Fantasy,567
Jeffrey Westhoff,Special Interest,33
Jeffrey Westhoff,Sports & Fitness,22
Jeffrey Westhoff,Television,5
Jeffrey Westhoff,Western,27
Jim Lane,Action & Adventure,1375
Jim Lane,Animation,692
Jim Lane,Art House & International,172
Jim Lane,Classics,81
Jim Lane,Comedy,1946
Jim Lane,Cult Movies,4
Jim Lane,Documentary,72
Jim Lane,Drama,1615
Jim Lane,Faith & Spirituality,15
Jim Lane,Horror,260
Jim Lane,Kids & Family,832
Jim Lane,Musical & Performing Arts,128
Jim Lane,Mystery & Suspense,690
Jim Lane,Romance,437
Jim Lane,Science Fiction & Fantasy,663
Jim Lane,Special Interest,67
Jim Lane,Sports & Fitness,26
Jim Lane,Television,6
Jim Lane,Western,21
Jim Schembri,Action & Adventure,933
Jim Schembri,Animation,355
Jim Schembri,Art House & International,148
Jim Schembri,Classics,17
Jim Schembri,Comedy,1230
Jim Schembri,Cult Movies,6
Jim Schembri,Documentary,76
Jim Schembri,Drama,1328
Jim Schembri,Gay & Lesbian,2
Jim Schembri,Horror,184
Jim Schembri,Kids & Family,353
Jim Schembri,Musical & Performing Arts,90
Jim Schembri,Mystery & Suspense,465
Jim Schembri,Romance,228
Jim Schembri,Science Fiction & Fantasy,603
Jim Schembri,Special Interest,57
Jim Schembri,Sports & Fitness,18
Jim Schembri,Television,4
Jim Schembri,Western,27
JoBlo,Action & Adventure,818
JoBlo,Animation,275
JoBlo,Anime & Manga,1
JoBlo,Art House & International,79
JoBlo,Classics,26
JoBlo,Comedy,1085
JoBlo,Cult Movies,7
JoBlo,Documentary,31
JoBlo,Drama,1003
JoBlo,Horror,252
JoBlo,Kids & Family,299
JoBlo,Musical & Performing Arts,30
JoBlo,Mystery & Suspense,573
JoBlo,Romance,283
JoBlo,Science Fiction & Fantasy,511
JoBlo,Special Interest,41
JoBlo,Sports & Fitness,7
JoBlo,Television,7
JoBlo,Western,18
John Beifuss,Action & Adventure,1671
John Beifuss,Animation,650
John Beifuss,Anime & Manga,1
John Beifuss,Art House & International,379
John Beifuss,Classics,54
John Beifuss,Comedy,1770
John Beifuss,Cult Movies,9
John Beifuss,Documentary,230
John Beifuss,Drama,2352
John Beifuss,Faith & Spirituality,36
John Beifuss,Gay & Lesbian,3
John Beifuss,Horror,526
John Beifuss,Kids & Family,782
John Beifuss,Musical & Performing Arts,154
John Beifuss,Mystery & Suspense,1053
John Beifuss,Romance,415
John Beifuss,Science Fiction & Fantasy,964
John Beifuss,Special Interest,203
John Beifuss,Sports & Fitness,46
John Beifuss,Television,18
John Beifuss,Western,48
John J. Puccio,Action & Adventure,1397
John J. Puccio,Animation,861
John J. Puccio,Art House & International,86
John J. Puccio,Classics,701
John J. Puccio,Comedy,1308
John J. Puccio,Cult Movies,20
John J. Puccio,Documentary,35
John J. Puccio,Drama,1416
John J. Puccio,Faith & Spirituality,6
John J. Puccio,Horror,364
John J. Puccio,Kids & Family,998
John J. Puccio,Musical & Performing Arts,195
John J. Puccio,Mystery & Suspense,778
John J. Puccio,Romance,356
John J. Puccio,Science Fiction & Fantasy,1051
John J. Puccio,Special Interest,55
John J. Puccio,Sports & Fitness,21
John J. Puccio,Television,9
John J. Puccio,Western,82
Josh Bell,Action & Adventure,1233
Josh Bell,Animation,439
Josh Bell,Art House & International,202
Josh Bell,Classics,25
Josh Bell,Comedy,1412
Josh Bell,Cult Movies,4
Josh Bell,Documentary,74
Josh Bell,Drama,1724
Josh Bell,Faith & Spirituality,1
Josh Bell,Horror,261
Josh Bell,Kids & Family,514
Josh Bell,Musical & Performing Arts,94
Josh Bell,Mystery & Suspense,631
Josh Bell,Romance,338
Josh Bell,Science Fiction & Fantasy,738
Josh Bell,Special Interest,74
Josh Bell,Sports & Fitness,23
Josh Bell,Television,7
Josh Bell,Western,42
Josh Larsen,Action & Adventure,1595
Josh Larsen,Animation,788
Josh Larsen,Art House & International,898
Josh Larsen,Classics,317
Josh Larsen,Comedy,1787
Josh Larsen,Cult Movies,17
Josh Larsen,Documentary,65
Josh Larsen,Drama,2771
Josh Larsen,Faith & Spirituality,11
Josh Larsen,Gay & Lesbian,1
Josh Larsen,Horror,361
Josh Larsen,Kids & Family,965
Josh Larsen,Musical & Performing Arts,211
Josh Larsen,Mystery & Suspense,879
Josh Larsen,Romance,1023
Josh Larsen,Science Fiction & Fantasy,1142
Josh Larsen,Special Interest,93
Josh Larsen,Sports & Fitness,28
Josh Larsen,Television,10
Josh Larsen,Western,69
Jules Brenner,Action & Adventure,900
Jules Brenner,Animation,191
Jules Brenner,Anime & Manga,2
Jules Brenner,Art House & International,270
Jules Brenner,Classics,47
Jules Brenner,Comedy,729
Jules Brenner,Cult Movies,3
Jules Brenner,Documentary,91
Jules Brenner,Drama,1451
Jules Brenner,Faith & Spirituality,4
Jules Brenner,Gay & Lesbian,1
Jules Brenner,Horror,94
Jules Brenner,Kids & Family,253
Jules Brenner,Musical & Performing Arts,85
Jules Brenner,Mystery & Suspense,616
Jules Brenner,Romance,283
Jules Brenner,Science Fiction & Fantasy,560
Jules Brenner,Special Interest,75
Jules Brenner,Sports & Fitness,16
Jules Brenner,Television,11
Jules Brenner,Western,36
Kam Williams,Action & Adventure,905
Kam Williams,Animation,175
Kam Williams,Art House & International,760
Kam Williams,Classics,15
Kam Williams,Comedy,1379
Kam Williams,Cult Movies,1
Kam Williams,Documentary,215
Kam Williams,Drama,1946
Kam Williams,Faith & Spirituality,9
Kam Williams,Gay & Lesbian,4
Kam Williams,Horror,139
Kam Williams,Kids & Family,231
Kam Williams,Musical & Performing Arts,105
Kam Williams,Mystery & Suspense,487
Kam Williams,Romance,810
Kam Williams,Science Fiction & Fantasy,415
Kam Williams,Special Interest,165
Kam Williams,Sports & Fitness,21
Kam Williams,Television,19
Kam Williams,Western,38
Ken Hanke,Action & Adventure,1786
Ken Hanke,Animation,474
Ken Hanke,Art House & International,1029
Ken Hanke,Classics,682
Ken Hanke,Comedy,2654
Ken Hanke,Cult Movies,51
Ken Hanke,Documentary,188
Ken Hanke,Drama,3506
Ken Hanke,Faith & Spirituality,33
Ken Hanke,Gay & Lesbian,20
Ken Hanke,Horror,868
Ken Hanke,Kids & Family,740
Ken Hanke,Musical & Performing Arts,315
Ken Hanke,Mystery & Suspense,1370
Ken Hanke,Romance,1363
Ken Hanke,Science Fiction & Fantasy,1206
Ken Hanke,Special Interest,168
Ken Hanke,Sports & Fitness,26
Ken Hanke,Television,51
Ken Hanke,Western,90
Kenneth Turan,Action & Adventure,701
Kenneth Turan,Animation,249
Kenneth Turan,Art House & International,318
Kenneth Turan,Classics,40
Kenneth Turan,Comedy,694
Kenneth Turan,Cult Movies,5
Kenneth Turan,Documentary,161
Kenneth Turan,Drama,1336
Kenneth Turan,Faith & Spirituality,13
Kenneth Turan,Gay & Lesbian,1
Kenneth Turan,Horror,75
Kenneth Turan,Kids & Family,287
Kenneth Turan,Musical & Performing Arts,83
Kenneth Turan,Mystery & Suspense,467
Kenneth Turan,Romance,224
Kenneth Turan,Science Fiction & Fantasy,355
Kenneth Turan,Special Interest,113
Kenneth Turan,Sports & Fitness,29
Kenneth Turan,Television,13
Kenneth Turan,Western,28
Kevin Carr,Action & Adventure,1746
Kevin Carr,Animation,869
Kevin Carr,Anime & Manga,1
Kevin Carr,Art House & International,122
Kevin Carr,Classics,258
Kevin Carr,Comedy,2153
Kevin Carr,Cult Movies,21
Kevin Carr,Documentary,75
Kevin Carr,Drama,1573
Kevin Carr,Faith & Spirituality,1
Kevin Carr,Gay & Lesbian,1
Kevin Carr,Horror,461
Kevin Carr,Kids & Family,1127
Kevin Carr,Musical & Performing Arts,171
Kevin Carr,Mystery & Suspense,908
Kevin Carr,Romance,403
Kevin Carr,Science Fiction & Fantasy,1147
Kevin Carr,Special Interest,71
Kevin Carr,Sports & Fitness,20
Kevin Carr,Television,10
Kevin Carr,Western,48
Kyle Smith,Action & Adventure,947
Kyle Smith,Animation,351
Kyle Smith,Art House & International,214
Kyle Smith,Classics,7
Kyle Smith,Comedy,1223
Kyle Smith,Cult Movies,2
Kyle Smith,Documentary,165
Kyle Smith,Drama,1507
Kyle Smith,Faith & Spirituality,9
Kyle Smith,Horror,259
Kyle Smith,Kids & Family,444
Kyle Smith,Musical & Performing Arts,85
Kyle Smith,Mystery & Suspense,627
Kyle Smith,Romance,220
Kyle Smith,Science Fiction & Fantasy,505
Kyle Smith,Special Interest,114
Kyle Smith,Sports & Fitness,47
Kyle Smith,Television,8
Kyle Smith,Western,22
Laura Clifford,Action & Adventure,1611
Laura Clifford,Animation,685
Laura Clifford,Art House & International,1260
Laura Clifford,Classics,41
Laura Clifford,Comedy,2674
Laura Clifford,Cult Movies,9
Laura Clifford,Documentary,335
Laura Clifford,Drama,4166
Laura Clifford,Faith & Spirituality,9
Laura Clifford,Gay & Lesbian,5
Laura Clifford,Horror,526
Laura Clifford,Kids & Family,780
Laura Clifford,Musical & Performing Arts,181
Laura Clifford,Mystery & Suspense,1160
Laura Clifford,Romance,1192
Laura Clifford,Science Fiction & Fantasy,946
Laura Clifford,Special Interest,299
Laura Clifford,Sports & Fitness,66
Laura Clifford,Television,17
Laura Clifford,Western,63
Lawrence Toppman,Action & Adventure,927
Lawrence Toppman,Animation,293
Lawrence Toppman,Art House & International,123
Lawrence Toppman,Classics,32
Lawrence Toppman,Comedy,904
Lawrence Toppman,Cult Movies,2
Lawrence Toppman,Documentary,55
Lawrence Toppman,Drama,1259
Lawrence Toppman,Gay & Lesbian,1
Lawrence Toppman,Horror,130
Lawrence Toppman,Kids & Family,390
Lawrence Toppman,Musical & Performing Arts,63
Lawrence Toppman,Mystery & Suspense,466
Lawrence Toppman,Romance,287
Lawrence Toppman,Science Fiction & Fantasy,543
Lawrence Toppman,Special Interest,54
Lawrence Toppman,Sports & Fitness,7
Lawrence Toppman,Television,6
Lawrence Toppman,Western,27
Leigh Paatsch,Action & Adventure,1166
Leigh Paatsch,Animation,293
Leigh Paatsch,Art House & International,163
Leigh Paatsch,Classics,24
Leigh Paatsch,Comedy,1199
Leigh Paatsch,Cult Movies,1
Leigh Paatsch,Documentary,61
Leigh Paatsch,Drama,1545
Leigh Paatsch,Faith & Spirituality,1
Leigh Paatsch,Horror,219
Leigh Paatsch,Kids & Family,355
Leigh Paatsch,Musical & Performing Arts,68
Leigh Paatsch,Mystery & Suspense,606
Leigh Paatsch,Romance,325
Leigh Paatsch,Science Fiction & Fantasy,650
Leigh Paatsch,Special Interest,35
Leigh Paatsch,Sports & Fitness,19
Leigh Paatsch,Television,4
Leigh Paatsch,Western,38
Liam Lacey,Action & Adventure,890
Liam Lacey,Animation,347
Liam Lacey,Anime & Manga,1
Liam Lacey,Art House & International,259
Liam Lacey,Classics,28
Liam Lacey,Comedy,1168
Liam Lacey,Cult Movies,5
Liam Lacey,Documentary,95
Liam Lacey,Drama,1361
Liam Lacey,Faith & Spirituality,5
Liam Lacey,Gay & Lesbian,2
Liam Lacey,Horror,190
Liam Lacey,Kids & Family,471
Liam Lacey,Musical & Performing Arts,95
Liam Lacey,Mystery & Suspense,524
Liam Lacey,Romance,292
Liam Lacey,Science Fiction & Fantasy,451
Liam Lacey,Special Interest,89
Liam Lacey,Sports & Fitness,21
Liam Lacey,Television,12
Liam Lacey,Western,24
Linda Cook,Action & Adventure,1845
Linda Cook,Animation,737
Linda Cook,Art House & International,86
Linda Cook,Classics,33
Linda Cook,Comedy,2302
Linda Cook,Cult Movies,1
Linda Cook,Documentary,122
Linda Cook,Drama,2018
Linda Cook,Faith & Spirituality,21
Linda Cook,Gay & Lesbian,1
Linda Cook,Horror,467
Linda Cook,Kids & Family,970
Linda Cook,Musical & Performing Arts,137
Linda Cook,Mystery & Suspense,934
Linda Cook,Romance,485
Linda Cook,Science Fiction & Fantasy,1002
Linda Cook,Special Interest,89
Linda Cook,Sports & Fitness,51
Linda Cook,Television,16
Linda Cook,Western,40
Lisa Kennedy,Action & Adventure,687
Lisa Kennedy,Animation,256
Lisa Kennedy,Art House & International,173
Lisa Kennedy,Classics,22
Lisa Kennedy,Comedy,898
Lisa Kennedy,Documentary,96
Lisa Kennedy,Drama,1200
Lisa Kennedy,Faith & Spirituality,5
Lisa Kennedy,Gay & Lesbian,1
Lisa Kennedy,Horror,67
Lisa Kennedy,Kids & Family,346
Lisa Kennedy,Musical & Performing Arts,63
Lisa Kennedy,Mystery & Suspense,395
Lisa Kennedy,Romance,256
Lisa Kennedy,Science Fiction & Fantasy,363
Lisa Kennedy,Special Interest,93
Lisa Kennedy,Sports & Fitness,30
Lisa Kennedy,Television,8
Lisa Kennedy,Western,21
Lisa Schwarzbaum,Action & Adventure,805
Lisa Schwarzbaum,Animation,314
Lisa Schwarzbaum,Anime & Manga,1
Lisa Schwarzbaum,Art House & International,419
Lisa Schwarzbaum,Classics,43
Lisa Schwarzbaum,Comedy,1646
Lisa Schwarzbaum,Cult Movies,4
Lisa Schwarzbaum,Documentary,128
Lisa Schwarzbaum,Drama,1955
Lisa Schwarzbaum,Faith & Spirituality,2
Lisa Schwarzbaum,Horror,157
Lisa Schwarzbaum,Kids & Family,429
Lisa Schwarzbaum,Musical & Performing Arts,85
Lisa Schwarzbaum,Mystery & Suspense,572
Lisa Schwarzbaum,Romance,420
Lisa Schwarzbaum,Science Fiction & Fantasy,374
Lisa Schwarzbaum,Special Interest,140
Lisa Schwarzbaum,Sports & Fitness,26
Lisa Schwarzbaum,Television,12
Lisa Schwarzbaum,Western,24
Liz Braun,Action & Adventure,590
Liz Braun,Animation,240
Liz Braun,Anime & Manga,15
Liz Braun,Art House & International,261
Liz Braun,Classics,18
Liz Braun,Comedy,975
Liz Braun,Cult Movies,6
Liz Braun,Documentary,96
Liz Braun,Drama,1287
Liz Braun,Faith & Spirituality,18
Liz Braun,Gay & Lesbian,1
Liz Braun,Horror,179
Liz Braun,Kids & Family,343
Liz Braun,Musical & Performing Arts,73
Liz Braun,Mystery & Suspense,511
Liz Braun,Romance,303
Liz Braun,Science Fiction & Fantasy,329
Liz Braun,Special Interest,89
Liz Braun,Sports & Fitness,15
Liz Braun,Television,9
Liz Braun,Western,21
Lou Lumenick,Action & Adventure,1053
Lou Lumenick,Animation,465
Lou Lumenick,Anime & Manga,1
Lou Lumenick,Art House & International,277
Lou Lumenick,Classics,32
Lou Lumenick,Comedy,2073
Lou Lumenick,Cult Movies,4
Lou Lumenick,Documentary,143
Lou Lumenick,Drama,2073
Lou Lumenick,Faith & Spirituality,26
Lou Lumenick,Gay & Lesbian,11
Lou Lumenick,Horror,208
Lou Lumenick,Kids & Family,590
Lou Lumenick,Musical & Performing Arts,157
Lou Lumenick,Mystery & Suspense,681
Lou Lumenick,Romance,468
Lou Lumenick,Science Fiction & Fantasy,613
Lou Lumenick,Special Interest,87
Lou Lumenick,Sports & Fitness,21
Lou Lumenick,Television,23
Lou Lumenick,Western,37
Maitland McDonagh,Action & Adventure,986
Maitland McDonagh,Animation,194
Maitland McDonagh,Anime & Manga,3
Maitland McDonagh,Art House & International,857
Maitland McDonagh,Classics,26
Maitland McDonagh,Comedy,1142
Maitland McDonagh,Cult Movies,6
Maitland McDonagh,Documentary,117
Maitland McDonagh,Drama,2071
Maitland McDonagh,Faith & Spirituality,21
Maitland McDonagh,Gay & Lesbian,2
Maitland McDonagh,Horror,380
Maitland McDonagh,Kids & Family,329
Maitland McDonagh,Musical & Performing Arts,102
Maitland McDonagh,Mystery & Suspense,873
Maitland McDonagh,Romance,827
Maitland McDonagh,Science Fiction & Fantasy,521
Maitland McDonagh,Special Interest,89
Maitland McDonagh,Sports & Fitness,14
Maitland McDonagh,Television,36
Maitland McDonagh,Western,34
Marc Savlov,Action & Adventure,1406
Marc Savlov,Animation,362
Marc Savlov,Anime & Manga,17
Marc Savlov,Art House & International,311
Marc Savlov,Classics,28
Marc Savlov,Comedy,1284
Marc Savlov,Cult Movies,8
Marc Savlov,Documentary,116
Marc Savlov,Drama,1538
Marc Savlov,Faith & Spirituality,24
Marc Savlov,Gay & Lesbian,3
Marc Savlov,Horror,557
Marc Savlov,Kids & Family,466
Marc Savlov,Musical & Performing Arts,59
Marc Savlov,Mystery & Suspense,901
Marc Savlov,Romance,262
Marc Savlov,Science Fiction & Fantasy,913
Marc Savlov,Special Interest,89
Marc Savlov,Sports & Fitness,27
Marc Savlov,Television,20
Marc Savlov,Western,36
Marjorie Baumgarten,Action & Adventure,600
Marjorie Baumgarten,Animation,285
Marjorie Baumgarten,Art House & International,329
Marjorie Baumgarten,Classics,27
Marjorie Baumgarten,Comedy,1088
Marjorie Baumgarten,Cult Movies,4
Marjorie Baumgarten,Documentary,208
Marjorie Baumgarten,Drama,1541
Marjorie Baumgarten,Faith & Spirituality,3
Marjorie Baumgarten,Gay & Lesbian,15
Marjorie Baumgarten,Horror,158
Marjorie Baumgarten,Kids & Family,402
Marjorie Baumgarten,Musical & Performing Arts,129
Marjorie Baumgarten,Mystery & Suspense,480
Marjorie Baumgarten,Romance,278
Marjorie Baumgarten,Science Fiction & Fantasy,271
Marjorie Baumgarten,Special Interest,193
Marjorie Baumgarten,Sports & Fitness,22
Marjorie Baumgarten,Television,21
Marjorie Baumgarten,Western,47
Mark Dujsik,Action & Adventure,1599
Mark Dujsik,Animation,568
Mark Dujsik,Anime & Manga,2
Mark Dujsik,Art House & International,772
Mark Dujsik,Classics,29
Mark Dujsik,Comedy,2021
Mark Dujsik,Cult Movies,5
Mark Dujsik,Documentary,198
Mark Dujsik,Drama,3091
Mark Dujsik,Faith & Spirituality,3
Mark Dujsik,Horror,500
Mark Dujsik,Kids & Family,589
Mark Dujsik,Musical & Performing Arts,120
Mark Dujsik,Mystery & Suspense,1130
Mark Dujsik,Romance,964
Mark Dujsik,Science Fiction & Fantasy,979
Mark Dujsik,Special Interest,150
Mark Dujsik,Sports & Fitness,31
Mark Dujsik,Television,9
Mark Dujsik,Western,54
Matt Brunson,Action & Adventure,2050
Matt Brunson,Animation,979
Matt Brunson,Art House & International,331
Matt Brunson,Classics,534
Matt Brunson,Comedy,2616
Matt Brunson,Cult Movies,29
Matt Brunson,Documentary,95
Matt Brunson,Drama,2944
Matt Brunson,Faith & Spirituality,10
Matt Brunson,Gay & Lesbian,2
Matt Brunson,Horror,485
Matt Brunson,Kids & Family,1150
Matt Brunson,Musical & Performing Arts,277
Matt Brunson,Mystery & Suspense,1139
Matt Brunson,Romance,728
Matt Brunson,Science Fiction & Fantasy,1471
Matt Brunson,Special Interest,118
Matt Brunson,Sports & Fitness,32
Matt Brunson,Television,16
Matt Brunson,Western,87
Matt Pais,Action & Adventure,1276
Matt Pais,Animation,439
Matt Pais,Art House & International,762
Matt Pais,Classics,19
Matt Pais,Comedy,1789
Matt Pais,Cult Movies,1
Matt Pais,Documentary,215
Matt Pais,Drama,2614
Matt Pais,Faith & Spirituality,2
Matt Pais,Gay & Lesbian,1
Matt Pais,Horror,316
Matt Pais,Kids & Family,577
Matt Pais,Musical & Performing Arts,134
Matt Pais,Mystery & Suspense,865
Matt Pais,Romance,942
Matt Pais,Science Fiction & Fantasy,706
Matt Pais,Special Interest,178
Matt Pais,Sports & Fitness,57
Matt Pais,Television,13
Matt Pais,Western,43
Matthew Lucas,Action & Adventure,753
Matthew Lucas,Animation,315
Matthew Lucas,Anime & Manga,1
Matthew Lucas,Art House & International,829
Matthew Lucas,Classics,111
Matthew Lucas,Comedy,655
Matthew Lucas,Cult Movies,2
Matthew Lucas,Documentary,63
Matthew Lucas,Drama,1796
Matthew Lucas,Faith & Spirituality,4
Matthew Lucas,Gay & Lesbian,1
Matthew Lucas,Horror,138
Matthew Lucas,Kids & Family,354
Matthew Lucas,Musical & Performing Arts,123
Matthew Lucas,Mystery & Suspense,432
Matthew Lucas,Romance,736
Matthew Lucas,Science Fiction & Fantasy,640
Matthew Lucas,Special Interest,70
Matthew Lucas,Sports & Fitness,10
Matthew Lucas,Television,5
Matthew Lucas,Western,34
Matthew Turner,Action & Adventure,1848
Matthew Turner,Animation,709
Matthew Turner,Art House & International,531
Matthew Turner,Classics,35
Matthew Turner,Comedy,2272
Matthew Turner,Cult Movies,4
Matthew Turner,Documentary,131
Matthew Turner,Drama,2657
Matthew Turner,Faith & Spirituality,2
Matthew Turner,Gay & Lesbian,1
Matthew Turner,Horror,633
Matthew Turner,Kids & Family,888
Matthew Turner,Musical & Performing Arts,137
Matthew Turner,Mystery & Suspense,1153
Matthew Turner,Romance,584
Matthew Turner,Science Fiction & Fantasy,1031
Matthew Turner,Special Interest,140
Matthew Turner,Sports & Fitness,46
Matthew Turner,Television,11
Matthew Turner,Western,59
Michael Dequina,Action & Adventure,1384
Michael Dequina,Animation,547
Michael Dequina,Art House & International,239
Michael Dequina,Classics,87
Michael Dequina,Comedy,1811
Michael Dequina,Cult Movies,13
Michael Dequina,Documentary,54
Michael Dequina,Drama,1961
Michael Dequina,Faith & Spirituality,3
Michael Dequina,Gay & Lesbian,3
Michael Dequina,Horror,375
Michael Dequina,Kids & Family,683
Michael Dequina,Musical & Performing Arts,165
Michael Dequina,Mystery & Suspense,910
Michael Dequina,Romance,574
Michael Dequina,Science Fiction & Fantasy,823
Michael Dequina,Special Interest,78
Michael Dequina,Sports & Fitness,21
Michael Dequina,Television,22
Michael Dequina,Western,39
Michael Phillips,Action & Adventure,1258
Michael Phillips,Animation,444
Michael Phillips,Art House & International,338
Michael Phillips,Classics,33
Michael Phillips,Comedy,1565
Michael Phillips,Cult Movies,3
Michael Phillips,Documentary,163
Michael Phillips,Drama,2100
Michael Phillips,Faith & Spirituality,6
Michael Phillips,Gay & Lesbian,5
Michael Phillips,Horror,253
Michael Phillips,Kids & Family,589
Michael Phillips,Musical & Performing Arts,151
Michael Phillips,Mystery & Suspense,732
Michael Phillips,Romance,396
Michael Phillips,Science Fiction & Fantasy,741
Michael Phillips,Special Interest,128
Michael Phillips,Sports & Fitness,43
Michael Phillips,Television,11
Michael Phillips,Western,45
Mick LaSalle,Action & Adventure,1493
Mick LaSalle,Animation,251
Mick LaSalle,Art House & International,433
Mick LaSalle,Classics,42
Mick LaSalle,Comedy,1814
Mick LaSalle,Cult Movies,6
Mick LaSalle,Documentary,146
Mick LaSalle,Drama,2664
Mick LaSalle,Faith & Spirituality,8
Mick LaSalle,Gay & Lesbian,4
Mick LaSalle,Horror,224
Mick LaSalle,Kids & Family,342
Mick LaSalle,Musical & Performing Arts,116
Mick LaSalle,Mystery & Suspense,991
Mick LaSalle,Romance,578
Mick LaSalle,Science Fiction & Fantasy,784
Mick LaSalle,Special Interest,139
Mick LaSalle,Sports & Fitness,22
Mick LaSalle,Television,15
Mick LaSalle,Western,47
Mike McGranaghan,Action & Adventure,1742
Mike McGranaghan,Animation,535
Mike McGranaghan,Art House & International,111
Mike McGranaghan,Classics,38
Mike McGranaghan,Comedy,2214
Mike McGranaghan,Cult Movies,5
Mike McGranaghan,Documentary,90
Mike McGranaghan,Drama,1884
Mike McGranaghan,Faith & Spirituality,3
Mike McGranaghan,Gay & Lesbian,3
Mike McGranaghan,Horror,547
Mike McGranaghan,Kids & Family,659
Mike McGranaghan,Musical & Performing Arts,103
Mike McGranaghan,Mystery & Suspense,992
Mike McGranaghan,Romance,438
Mike McGranaghan,Science Fiction & Fantasy,1017
Mike McGranaghan,Special Interest,65
Mike McGranaghan,Sports & Fitness,26
Mike McGranaghan,Television,12
Mike McGranaghan,Western,45
Moira MacDonald,Action & Adventure,791
Moira MacDonald,Animation,290
Moira MacDonald,Art House & International,379
Moira MacDonald,Classics,30
Moira MacDonald,Comedy,1887
Moira MacDonald,Documentary,243
Moira MacDonald,Drama,2506
Moira MacDonald,Faith & Spirituality,8
Moira MacDonald,Gay & Lesbian,6
Moira MacDonald,Horror,143
Moira MacDonald,Kids & Family,411
Moira MacDonald,Musical & Performing Arts,160
Moira MacDonald,Mystery & Suspense,698
Moira MacDonald,Romance,557
Moira MacDonald,Science Fiction & Fantasy,466
Moira MacDonald,Special Interest,195
Moira MacDonald,Sports & Fitness,51
Moira MacDonald,Television,15
Moira MacDonald,Western,32
Nell Minow,Action & Adventure,2660
Nell Minow,Animation,1570
Nell Minow,Anime & Manga,30
Nell Minow,Art House & International,154
Nell Minow,Classics,433
Nell Minow,Comedy,3731
Nell Minow,Cult Movies,9
Nell Minow,Documentary,168
Nell Minow,Drama,3248
Nell Minow,Faith & Spirituality,13
Nell Minow,Gay & Lesbian,1
Nell Minow,Horror,267
Nell Minow,Kids & Family,2057
Nell Minow,Musical & Performing Arts,349
Nell Minow,Mystery & Suspense,1194
Nell Minow,Romance,920
Nell Minow,Science Fiction & Fantasy,1815
Nell Minow,Special Interest,149
Nell Minow,Sports & Fitness,57
Nell Minow,Television,45
Nell Minow,Western,55
Nick Rogers,Action & Adventure,939
Nick Rogers,Animation,233
Nick Rogers,Anime & Manga,1
Nick Rogers,Art House & International,85
Nick Rogers,Classics,106
Nick Rogers,Comedy,1160
Nick Rogers,Documentary,39
Nick Rogers,Drama,1045
Nick Rogers,Faith & Spirituality,18
Nick Rogers,Gay & Lesbian,1
Nick Rogers,Horror,210
Nick Rogers,Kids & Family,325
Nick Rogers,Musical & Performing Arts,56
Nick Rogers,Mystery & Suspense,620
Nick Rogers,Romance,197
Nick Rogers,Science Fiction & Fantasy,499
Nick Rogers,Special Interest,23
Nick Rogers,Sports & Fitness,20
Nick Rogers,Television,4
Nick Rogers,Western,13
Nick Schager,Action & Adventure,1184
Nick Schager,Animation,304
Nick Schager,Anime & Manga,1
Nick Schager,Art House & International,979
Nick Schager,Classics,50
Nick Schager,Comedy,1458
Nick Schager,Cult Movies,12
Nick Schager,Documentary,191
Nick Schager,Drama,2382
Nick Schager,Faith & Spirituality,19
Nick Schager,Gay & Lesbian,1
Nick Schager,Horror,505
Nick Schager,Kids & Family,423
Nick Schager,Musical & Performing Arts,98
Nick Schager,Mystery & Suspense,980
Nick Schager,Romance,856
Nick Schager,Science Fiction & Fantasy,625
Nick Schager,Special Interest,117
Nick Schager,Sports & Fitness,51
Nick Schager,Television,26
Nick Schager,Western,40
Nigel Andrews,Action & Adventure,634
Nigel Andrews,Animation,254
Nigel Andrews,Anime & Manga,1
Nigel Andrews,Art House & International,324
Nigel Andrews,Classics,17
Nigel Andrews,Comedy,644
Nigel Andrews,Cult Movies,1
Nigel Andrews,Documentary,102
Nigel Andrews,Drama,1253
Nigel Andrews,Faith & Spirituality,1
Nigel Andrews,Horror,122
Nigel Andrews,Kids & Family,231
Nigel Andrews,Musical & Performing Arts,57
Nigel Andrews,Mystery & Suspense,376
Nigel Andrews,Romance,154
Nigel Andrews,Science Fiction & Fantasy,402
Nigel Andrews,Special Interest,90
Nigel Andrews,Sports & Fitness,26
Nigel Andrews,Television,6
Nigel Andrews,Western,23
Owen Gleiberman,Action & Adventure,1246
Owen Gleiberman,Animation,353
Owen Gleiberman,Anime & Manga,2
Owen Gleiberman,Art House & International,868
Owen Gleiberman,Classics,32
Owen Gleiberman,Comedy,1689
Owen Gleiberman,Cult Movies,7
Owen Gleiberman,Documentary,279
Owen Gleiberman,Drama,2553
Owen Gleiberman,Faith & Spirituality,31
Owen Gleiberman,Gay & Lesbian,4
Owen Gleiberman,Horror,363
Owen Gleiberman,Kids & Family,524
Owen Gleiberman,Musical & Performing Arts,180
Owen Gleiberman,Mystery & Suspense,911
Owen Gleiberman,Romance,976
Owen Gleiberman,Science Fiction & Fantasy,757
Owen Gleiberman,Special Interest,218
Owen Gleiberman,Sports & Fitness,41
Owen Gleiberman,Television,22
Owen Gleiberman,Western,44
Pablo Villaa,Action & Adventure,1530
Pablo Villaa,Animation,569
Pablo Villaa,Anime & Manga,1
Pablo Villaa,Art House & International,353
Pablo Villaa,Classics,224
Pablo Villaa,Comedy,1753
Pablo Villaa,Cult Movies,24
Pablo Villaa,Documentary,131
Pablo Villaa,Drama,2413
Pablo Villaa,Faith & Spirituality,20
Pablo Villaa,Gay & Lesbian,3
Pablo Villaa,Horror,425
Pablo Villaa,Kids & Family,699
Pablo Villaa,Musical & Performing Arts,148
Pablo Villaa,Mystery & Suspense,1056
Pablo Villaa,Romance,457
Pablo Villaa,Science Fiction & Fantasy,1020
Pablo Villaa,Special Interest,137
Pablo Villaa,Sports & Fitness,20
Pablo Villaa,Television,7
Pablo Villaa,Western,48
Pete Hammond,Action & Adventure,826
Pete Hammond,Animation,361
Pete Hammond,Art House & International,611
Pete Hammond,Classics,10
Pete Hammond,Comedy,1265
Pete Hammond,Documentary,51
Pete Hammond,Drama,2006
Pete Hammond,Faith & Spirituality,11
Pete Hammond,Gay & Lesbian,1
Pete Hammond,Horror,117
Pete Hammond,Kids & Family,456
Pete Hammond,Musical & Performing Arts,79
Pete Hammond,Mystery & Suspense,438
Pete Hammond,Romance,750
Pete Hammond,Science Fiction & Fantasy,447
Pete Hammond,Special Interest,23
Pete Hammond,Sports & Fitness,25
Pete Hammond,Television,1
Pete Hammond,Western,24
Peter Bradshaw,Action & Adventure,1476
Peter Bradshaw,Animation,508
Peter Bradshaw,Anime & Manga,2
Peter Bradshaw,Art House & International,718
Peter Bradshaw,Classics,272
Peter Bradshaw,Comedy,2004
Peter Bradshaw,Cult Movies,18
Peter Bradshaw,Documentary,206
Peter Bradshaw,Drama,2925
Peter Bradshaw,Faith & Spirituality,2
Peter Bradshaw,Gay & Lesbian,4
Peter Bradshaw,Horror,469
Peter Bradshaw,Kids & Family,598
Peter Bradshaw,Musical & Performing Arts,212
Peter Bradshaw,Mystery & Suspense,1109
Peter Bradshaw,Romance,594
Peter Bradshaw,Science Fiction & Fantasy,866
Peter Bradshaw,Special Interest,174
Peter Bradshaw,Sports & Fitness,28
Peter Bradshaw,Television,16
Peter Bradshaw,Western,59
Peter Canavese,Action & Adventure,1638
Peter Canavese,Animation,929
Peter Canavese,Anime & Manga,3
Peter Canavese,Art House & International,897
Peter Canavese,Classics,358
Peter Canavese,Comedy,2072
Peter Canavese,Cult Movies,18
Peter Canavese,Documentary,112
Peter Canavese,Drama,2992
Peter Canavese,Faith & Spirituality,5
Peter Canavese,Gay & Lesbian,1
Peter Canavese,Horror,244
Peter Canavese,Kids & Family,1095
Peter Canavese,Musical & Performing Arts,269
Peter Canavese,Mystery & Suspense,816
Peter Canavese,Romance,998
Peter Canavese,Science Fiction & Fantasy,1158
Peter Canavese,Special Interest,110
Peter Canavese,Sports & Fitness,56
Peter Canavese,Television,19
Peter Canavese,Western,38
Peter Howell,Action & Adventure,1278
Peter Howell,Animation,405
Peter Howell,Art House & International,336
Peter Howell,Classics,24
Peter Howell,Comedy,1905
Peter Howell,Cult Movies,2
Peter Howell,Documentary,148
Peter Howell,Drama,2333
Peter Howell,Faith & Spirituality,19
Peter Howell,Gay & Lesbian,1
Peter Howell,Horror,293
Peter Howell,Kids & Family,433
Peter Howell,Musical & Performing Arts,105
Peter Howell,Mystery & Suspense,757
Peter Howell,Romance,383
Peter Howell,Science Fiction & Fantasy,698
Peter Howell,Special Interest,103
Peter Howell,Sports & Fitness,35
Peter Howell,Television,11
Peter Howell,Western,51
Peter Rainer,Action & Adventure,851
Peter Rainer,Animation,264
Peter Rainer,Art House & International,899
Peter Rainer,Classics,14
Peter Rainer,Comedy,1075
Peter Rainer,Cult Movies,3
Peter Rainer,Documentary,235
Peter Rainer,Drama,2408
Peter Rainer,Faith & Spirituality,2
Peter Rainer,Gay & Lesbian,1
Peter Rainer,Horror,80
Peter Rainer,Kids & Family,316
Peter Rainer,Musical & Performing Arts,91
Peter Rainer,Mystery & Suspense,527
Peter Rainer,Romance,833
Peter Rainer,Science Fiction & Fantasy,530
Peter Rainer,Special Interest,186
Peter Rainer,Sports & Fitness,38
Peter Rainer,Television,10
Peter Rainer,Western,41
Peter Sobczynski,Action & Adventure,833
Peter Sobczynski,Animation,260
Peter Sobczynski,Art House & International,685
Peter Sobczynski,Classics,21
Peter Sobczynski,Comedy,1337
Peter Sobczynski,Documentary,64
Peter Sobczynski,Drama,1874
Peter Sobczynski,Faith & Spirituality,1
Peter Sobczynski,Gay & Lesbian,1
Peter Sobczynski,Horror,293
Peter Sobczynski,Kids & Family,332
Peter Sobczynski,Musical & Performing Arts,68
Peter Sobczynski,Mystery & Suspense,540
Peter Sobczynski,Romance,763
Peter Sobczynski,Science Fiction & Fantasy,489
Peter Sobczynski,Special Interest,43
Peter Sobczynski,Sports & Fitness,22
Peter Sobczynski,Television,3
Peter Sobczynski,Western,33
Peter Travers,Action & Adventure,1503
Peter Travers,Animation,382
Peter Travers,Anime & Manga,1
Peter Travers,Art House & International,284
Peter Travers,Classics,44
Peter Travers,Comedy,2016
Peter Travers,Cult Movies,5
Peter Travers,Documentary,148
Peter Travers,Drama,2850
Peter Travers,Faith & Spirituality,1
Peter Travers,Horror,281
Peter Travers,Kids & Family,426
Peter Travers,Musical & Performing Arts,154
Peter Travers,Mystery & Suspense,1077
Peter Travers,Romance,570
Peter Travers,Science Fiction & Fantasy,874
Peter Travers,Special Interest,117
Peter Travers,Sports & Fitness,34
Peter Travers,Television,24
Peter Travers,Western,55
Phil Villarreal,Action & Adventure,1294
Phil Villarreal,Animation,392
Phil Villarreal,Anime & Manga,1
Phil Villarreal,Art House & International,307
Phil Villarreal,Classics,131
Phil Villarreal,Comedy,1673
Phil Villarreal,Cult Movies,7
Phil Villarreal,Documentary,151
Phil Villarreal,Drama,1959
Phil Villarreal,Faith & Spirituality,7
Phil Villarreal,Gay & Lesbian,3
Phil Villarreal,Horror,262
Phil Villarreal,Kids & Family,533
Phil Villarreal,Musical & Performing Arts,164
Phil Villarreal,Mystery & Suspense,720
Phil Villarreal,Romance,464
Phil Villarreal,Science Fiction & Fantasy,671
Phil Villarreal,Special Interest,142
Phil Villarreal,Sports & Fitness,36
Phil Villarreal,Television,12
Phil Villarreal,Western,38
Philip Martin,Action & Adventure,573
Philip Martin,Animation,228
Philip Martin,Art House & International,312
Philip Martin,Classics,132
Philip Martin,Comedy,1171
Philip Martin,Cult Movies,5
Philip Martin,Documentary,241
Philip Martin,Drama,2000
Philip Martin,Faith & Spirituality,27
Philip Martin,Gay & Lesbian,1
Philip Martin,Horror,118
Philip Martin,Kids & Family,254
Philip Martin,Musical & Performing Arts,90
Philip Martin,Mystery & Suspense,503
Philip Martin,Romance,300
Philip Martin,Science Fiction & Fantasy,369
Philip Martin,Special Interest,218
Philip Martin,Sports & Fitness,37
Philip Martin,Television,18
Philip Martin,Western,28
Rafer Guzman,Action & Adventure,883
Rafer Guzman,Animation,311
Rafer Guzman,Art House & International,70
Rafer Guzman,Classics,18
Rafer Guzman,Comedy,1129
Rafer Guzman,Cult Movies,2
Rafer Guzman,Documentary,59
Rafer Guzman,Drama,1329
Rafer Guzman,Faith & Spirituality,1
Rafer Guzman,Gay & Lesbian,1
Rafer Guzman,Horror,136
Rafer Guzman,Kids & Family,326
Rafer Guzman,Musical & Performing Arts,95
Rafer Guzman,Mystery & Suspense,385
Rafer Guzman,Romance,154
Rafer Guzman,Science Fiction & Fantasy,546
Rafer Guzman,Special Interest,26
Rafer Guzman,Sports & Fitness,11
Rafer Guzman,Western,22
Rene Rodriguez,Action & Adventure,883
Rene Rodriguez,Animation,257
Rene Rodriguez,Art House & International,790
Rene Rodriguez,Classics,34
Rene Rodriguez,Comedy,1279
Rene Rodriguez,Cult Movies,8
Rene Rodriguez,Documentary,197
Rene Rodriguez,Drama,2402
Rene Rodriguez,Faith & Spirituality,17
Rene Rodriguez,Gay & Lesbian,5
Rene Rodriguez,Horror,276
Rene Rodriguez,Kids & Family,246
Rene Rodriguez,Musical & Performing Arts,78
Rene Rodriguez,Mystery & Suspense,760
Rene Rodriguez,Romance,814
Rene Rodriguez,Science Fiction & Fantasy,528
Rene Rodriguez,Special Interest,175
Rene Rodriguez,Sports & Fitness,15
Rene Rodriguez,Television,22
Rene Rodriguez,Western,30
Rich Cline,Action & Adventure,2255
Rich Cline,Animation,918
Rich Cline,Anime & Manga,1
Rich Cline,Art House & International,1198
Rich Cline,Classics,109
Rich Cline,Comedy,3328
Rich Cline,Cult Movies,7
Rich Cline,Documentary,214
Rich Cline,Drama,4422
Rich Cline,Faith & Spirituality,19
Rich Cline,Gay & Lesbian,9
Rich Cline,Horror,610
Rich Cline,Kids & Family,1110
Rich Cline,Musical & Performing Arts,303
Rich Cline,Mystery & Suspense,1494
Rich Cline,Romance,1276
Rich Cline,Science Fiction & Fantasy,1398
Rich Cline,Special Interest,183
Rich Cline,Sports & Fitness,73
Rich Cline,Television,34
Rich Cline,Western,67
Richard Propes,Action & Adventure,1208
Richard Propes,Animation,466
Richard Propes,Anime & Manga,4
Richard Propes,Art House & International,182
Richard Propes,Classics,38
Richard Propes,Comedy,1854
Richard Propes,Cult Movies,8
Richard Propes,Documentary,110
Richard Propes,Drama,1632
Richard Propes,Faith & Spirituality,21
Richard Propes,Gay & Lesbian,4
Richard Propes,Horror,246
Richard Propes,Kids & Family,625
Richard Propes,Musical & Performing Arts,133
Richard Propes,Mystery & Suspense,606
Richard Propes,Romance,371
Richard Propes,Science Fiction & Fantasy,677
Richard Propes,Special Interest,81
Richard Propes,Sports & Fitness,30
Richard Propes,Television,13
Richard Propes,Western,31
Richard Roeper,Action & Adventure,764
Richard Roeper,Animation,130
Richard Roeper,Art House & International,32
Richard Roeper,Classics,9
Richard Roeper,Comedy,1274
Richard Roeper,Cult Movies,3
Richard Roeper,Documentary,42
Richard Roeper,Drama,1501
Richard Roeper,Horror,166
Richard Roeper,Kids & Family,140
Richard Roeper,Musical & Performing Arts,51
Richard Roeper,Mystery & Suspense,447
Richard Roeper,Romance,182
Richard Roeper,Science Fiction & Fantasy,458
Richard Roeper,Special Interest,17
Richard Roeper,Sports & Fitness,17
Richard Roeper,Television,5
Richard Roeper,Western,24
Rick Groen,Action & Adventure,588
Rick Groen,Animation,139
Rick Groen,Art House & International,729
Rick Groen,Classics,20
Rick Groen,Comedy,885
Rick Groen,Cult Movies,4
Rick Groen,Documentary,113
Rick Groen,Drama,1805
Rick Groen,Faith & Spirituality,21
Rick Groen,Gay & Lesbian,2
Rick Groen,Horror,115
Rick Groen,Kids & Family,207
Rick Groen,Musical & Performing Arts,49
Rick Groen,Mystery & Suspense,478
Rick Groen,Romance,867
Rick Groen,Science Fiction & Fantasy,365
Rick Groen,Special Interest,82
Rick Groen,Sports & Fitness,38
Rick Groen,Television,13
Rick Groen,Western,16
Rob Blackwelder,Action & Adventure,906
Rob Blackwelder,Animation,316
Rob Blackwelder,Art House & International,178
Rob Blackwelder,Classics,34
Rob Blackwelder,Comedy,1366
Rob Blackwelder,Cult Movies,9
Rob Blackwelder,Documentary,45
Rob Blackwelder,Drama,1337
Rob Blackwelder,Faith & Spirituality,19
Rob Blackwelder,Gay & Lesbian,2
Rob Blackwelder,Horror,225
Rob Blackwelder,Kids & Family,491
Rob Blackwelder,Musical & Performing Arts,73
Rob Blackwelder,Mystery & Suspense,621
Rob Blackwelder,Romance,387
Rob Blackwelder,Science Fiction & Fantasy,532
Rob Blackwelder,Special Interest,68
Rob Blackwelder,Sports & Fitness,13
Rob Blackwelder,Television,22
Rob Blackwelder,Western,25
Rob Gonsalves,Action & Adventure,1075
Rob Gonsalves,Animation,218
Rob Gonsalves,Art House & International,137
Rob Gonsalves,Classics,88
Rob Gonsalves,Comedy,848
Rob Gonsalves,Cult Movies,5
Rob Gonsalves,Documentary,37
Rob Gonsalves,Drama,1383
Rob Gonsalves,Faith & Spirituality,1
Rob Gonsalves,Gay & Lesbian,1
Rob Gonsalves,Horror,541
Rob Gonsalves,Kids & Family,165
Rob Gonsalves,Musical & Performing Arts,52
Rob Gonsalves,Mystery & Suspense,825
Rob Gonsalves,Romance,231
Rob Gonsalves,Science Fiction & Fantasy,720
Rob Gonsalves,Special Interest,59
Rob Gonsalves,Sports & Fitness,2
Rob Gonsalves,Television,14
Rob Gonsalves,Western,34
Rob Thomas,Action & Adventure,627
Rob Thomas,Animation,202
Rob Thomas,Anime & Manga,1
Rob Thomas,Art House & International,413
Rob Thomas,Classics,42
Rob Thomas,Comedy,886
Rob Thomas,Cult Movies,8
Rob Thomas,Documentary,182
Rob Thomas,Drama,1427
Rob Thomas,Faith & Spirituality,17
Rob Thomas,Gay & Lesbian,2
Rob Thomas,Horror,85
Rob Thomas,Kids & Family,175
Rob Thomas,Musical & Performing Arts,99
Rob Thomas,Mystery & Suspense,379
Rob Thomas,Romance,246
Rob Thomas,Science Fiction & Fantasy,294
Rob Thomas,Special Interest,118
Rob Thomas,Sports & Fitness,32
Rob Thomas,Television,25
Rob Thomas,Western,41
Rob Vaux,Action & Adventure,1787
Rob Vaux,Animation,634
Rob Vaux,Art House & International,657
Rob Vaux,Classics,188
Rob Vaux,Comedy,1296
Rob Vaux,Cult Movies,24
Rob Vaux,Documentary,42
Rob Vaux,Drama,1820
Rob Vaux,Faith & Spirituality,3
Rob Vaux,Gay & Lesbian,1
Rob Vaux,Horror,690
Rob Vaux,Kids & Family,773
Rob Vaux,Musical & Performing Arts,194
Rob Vaux,Mystery & Suspense,1107
Rob Vaux,Romance,785
Rob Vaux,Science Fiction & Fantasy,1390
Rob Vaux,Special Interest,34
Rob Vaux,Sports & Fitness,4
Rob Vaux,Television,6
Rob Vaux,Western,60
Robbie Collin,Action & Adventure,885
Robbie Collin,Animation,368
Robbie Collin,Anime & Manga,2
Robbie Collin,Art House & International,256
Robbie Collin,Classics,19
Robbie Collin,Comedy,1089
Robbie Collin,Cult Movies,1
Robbie Collin,Documentary,88
Robbie Collin,Drama,1247
Robbie Collin,Faith & Spirituality,1
Robbie Collin,Gay & Lesbian,1
Robbie Collin,Horror,176
Robbie Collin,Kids & Family,374
Robbie Collin,Musical & Performing Arts,70
Robbie Collin,Mystery & Suspense,470
Robbie Collin,Romance,234
Robbie Collin,Science Fiction & Fantasy,522
Robbie Collin,Special Interest,93
Robbie Collin,Sports & Fitness,15
Robbie Collin,Television,9
Robbie Collin,Western,23
Robert Roten,Action & Adventure,1628
Robert Roten,Animation,613
Robert Roten,Anime & Manga,2
Robert Roten,Art House & International,287
Robert Roten,Classics,76
Robert Roten,Comedy,1477
Robert Roten,Cult Movies,16
Robert Roten,Documentary,286
Robert Roten,Drama,2316
Robert Roten,Faith & Spirituality,17
Robert Roten,Gay & Lesbian,1
Robert Roten,Horror,278
Robert Roten,Kids & Family,716
Robert Roten,Musical & Performing Arts,123
Robert Roten,Mystery & Suspense,937
Robert Roten,Romance,410
Robert Roten,Science Fiction & Fantasy,1008
Robert Roten,Special Interest,229
Robert Roten,Sports & Fitness,48
Robert Roten,Television,15
Robert Roten,Western,68
Robert W. Butler,Action & Adventure,692
Robert W. Butler,Animation,240
Robert W. Butler,Art House & International,236
Robert W. Butler,Classics,33
Robert W. Butler,Comedy,796
Robert W. Butler,Cult Movies,2
Robert W. Butler,Documentary,113
Robert W. Butler,Drama,1289
Robert W. Butler,Faith & Spirituality,11
Robert W. Butler,Gay & Lesbian,1
Robert W. Butler,Horror,95
Robert W. Butler,Kids & Family,294
Robert W. Butler,Musical & Performing Arts,62
Robert W. Butler,Mystery & Suspense,467
Robert W. Butler,Romance,270
Robert W. Butler,Science Fiction & Fantasy,359
Robert W. Butler,Special Interest,77
Robert W. Butler,Sports & Fitness,21
Robert W. Butler,Television,10
Robert W. Butler,Western,24
Robin Clifford,Action & Adventure,1124
Robin Clifford,Animation,553
Robin Clifford,Art House & International,1051
Robin Clifford,Classics,55
Robin Clifford,Comedy,1467
Robin Clifford,Cult Movies,5
Robin Clifford,Documentary,274
Robin Clifford,Drama,2676
Robin Clifford,Faith & Spirituality,3
Robin Clifford,Gay & Lesbian,5
Robin Clifford,Horror,281
Robin Clifford,Kids & Family,607
Robin Clifford,Musical & Performing Arts,96
Robin Clifford,Mystery & Suspense,810
Robin Clifford,Romance,930
Robin Clifford,Science Fiction & Fantasy,601
Robin Clifford,Special Interest,217
Robin Clifford,Sports & Fitness,34
Robin Clifford,Television,16
Robin Clifford,Western,66
Roger Ebert,Action & Adventure,2683
Roger Ebert,Animation,1030
Roger Ebert,Anime & Manga,1
Roger Ebert,Art House & International,953
Roger Ebert,Classics,695
Roger Ebert,Comedy,4096
Roger Ebert,Cult Movies,46
Roger Ebert,Documentary,320
Roger Ebert,Drama,5048
Roger Ebert,Faith & Spirituality,28
Roger Ebert,Gay & Lesbian,28
Roger Ebert,Horror,692
Roger Ebert,Kids & Family,1525
Roger Ebert,Musical & Performing Arts,487
Roger Ebert,Mystery & Suspense,1856
Roger Ebert,Romance,1165
Roger Ebert,Science Fiction & Fantasy,1706
Roger Ebert,Special Interest,324
Roger Ebert,Sports & Fitness,88
Roger Ebert,Television,72
Roger Ebert,Western,132
Roger Moore,Action & Adventure,2372
Roger Moore,Animation,936
Roger Moore,Art House & International,1069
Roger Moore,Classics,55
Roger Moore,Comedy,3271
Roger Moore,Cult Movies,6
Roger Moore,Documentary,357
Roger Moore,Drama,4257
Roger Moore,Faith & Spirituality,29
Roger Moore,Gay & Lesbian,4
Roger Moore,Horror,677
Roger Moore,Kids & Family,1137
Roger Moore,Musical & Performing Arts,242
Roger Moore,Mystery & Suspense,1512
Roger Moore,Romance,1252
Roger Moore,Science Fiction & Fantasy,1276
Roger Moore,Special Interest,226
Roger Moore,Sports & Fitness,80
Roger Moore,Television,24
Roger Moore,Western,71
Sara Michelle Fetters,Action & Adventure,1605
Sara Michelle Fetters,Animation,596
Sara Michelle Fetters,Art House & International,346
Sara Michelle Fetters,Classics,32
Sara Michelle Fetters,Comedy,2157
Sara Michelle Fetters,Cult Movies,3
Sara Michelle Fetters,Documentary,152
Sara Michelle Fetters,Drama,2441
Sara Michelle Fetters,Faith & Spirituality,5
Sara Michelle Fetters,Horror,476
Sara Michelle Fetters,Kids & Family,727
Sara Michelle Fetters,Musical & Performing Arts,108
Sara Michelle Fetters,Mystery & Suspense,933
Sara Michelle Fetters,Romance,517
Sara Michelle Fetters,Science Fiction & Fantasy,822
Sara Michelle Fetters,Special Interest,135
Sara Michelle Fetters,Sports & Fitness,30
Sara Michelle Fetters,Television,8
Sara Michelle Fetters,Western,40
Scott Nash,Action & Adventure,1000
Scott Nash,Animation,471
Scott Nash,Art House & International,50
Scott Nash,Classics,296
Scott Nash,Comedy,1011
Scott Nash,Cult Movies,5
Scott Nash,Documentary,12
Scott Nash,Drama,968
Scott Nash,Faith & Spirituality,4
Scott Nash,Horror,198
Scott Nash,Kids & Family,537
Scott Nash,Musical & Performing Arts,83
Scott Nash,Mystery & Suspense,538
Scott Nash,Romance,316
Scott Nash,Science Fiction & Fantasy,700
Scott Nash,Special Interest,40
Scott Nash,Sports & Fitness,17
Scott Nash,Western,40
Scott Weinberg,Action & Adventure,1709
Scott Weinberg,Animation,486
Scott Weinberg,Art House & International,163
Scott Weinberg,Classics,381
Scott Weinberg,Comedy,1709
Scott Weinberg,Cult Movies,37
Scott Weinberg,Documentary,62
Scott Weinberg,Drama,1591
Scott Weinberg,Faith & Spirituality,4
Scott Weinberg,Gay & Lesbian,1
Scott Weinberg,Horror,808
Scott Weinberg,Kids & Family,617
Scott Weinberg,Musical & Performing Arts,107
Scott Weinberg,Mystery & Suspense,1114
Scott Weinberg,Romance,311
Scott Weinberg,Science Fiction & Fantasy,1109
Scott Weinberg,Special Interest,108
Scott Weinberg,Sports & Fitness,28
Scott Weinberg,Television,12
Scott Weinberg,Western,80
Sean O'Connell,Action & Adventure,990
Sean O'Connell,Animation,336
Sean O'Connell,Art House & International,620
Sean O'Connell,Classics,31
Sean O'Connell,Comedy,1201
Sean O'Connell,Cult Movies,3
Sean O'Connell,Documentary,42
Sean O'Connell,Drama,1794
Sean O'Connell,Faith & Spirituality,2
Sean O'Connell,Gay & Lesbian,1
Sean O'Connell,Horror,241
Sean O'Connell,Kids & Family,486
Sean O'Connell,Musical & Performing Arts,77
Sean O'Connell,Mystery & Suspense,594
Sean O'Connell,Romance,911
Sean O'Connell,Science Fiction & Fantasy,524
Sean O'Connell,Special Interest,43
Sean O'Connell,Sports & Fitness,31
Sean O'Connell,Television,4
Sean O'Connell,Western,23
Sean P. Means,Action & Adventure,1534
Sean P. Means,Animation,674
Sean P. Means,Anime & Manga,2
Sean P. Means,Art House & International,943
Sean P. Means,Classics,42
Sean P. Means,Comedy,1998
Sean P. Means,Cult Movies,8
Sean P. Means,Documentary,255
Sean P. Means,Drama,2888
Sean P. Means,Faith & Spirituality,10
Sean P. Means,Gay & Lesbian,6
Sean P. Means,Horror,363
Sean P. Means,Kids & Family,801
Sean P. Means,Musical & Performing Arts,181
Sean P. Means,Mystery & Suspense,864
Sean P. Means,Romance,1005
Sean P. Means,Science Fiction & Fantasy,880
Sean P. Means,Special Interest,170
Sean P. Means,Sports & Fitness,55
Sean P. Means,Television,13
Sean P. Means,Western,34
Simon Miraudo,Action & Adventure,763
Simon Miraudo,Animation,134
Simon Miraudo,Art House & International,111
Simon Miraudo,Classics,42
Simon Miraudo,Comedy,1000
Simon Miraudo,Cult Movies,6
Simon Miraudo,Documentary,48
Simon Miraudo,Drama,1268
Simon Miraudo,Gay & Lesbian,2
Simon Miraudo,Horror,178
Simon Miraudo,Kids & Family,175
Simon Miraudo,Musical & Performing Arts,67
Simon Miraudo,Mystery & Suspense,402
Simon Miraudo,Romance,150
Simon Miraudo,Science Fiction & Fantasy,564
Simon Miraudo,Special Interest,53
Simon Miraudo,Sports & Fitness,15
Simon Miraudo,Television,7
Simon Miraudo,Western,29
Stephen Whitty,Action & Adventure,1225
Stephen Whitty,Animation,448
Stephen Whitty,Art House & International,882
Stephen Whitty,Classics,25
Stephen Whitty,Comedy,1461
Stephen Whitty,Cult Movies,4
Stephen Whitty,Documentary,134
Stephen Whitty,Drama,2654
Stephen Whitty,Faith & Spirituality,6
Stephen Whitty,Gay & Lesbian,1
Stephen Whitty,Horror,261
Stephen Whitty,Kids & Family,535
Stephen Whitty,Musical & Performing Arts,112
Stephen Whitty,Mystery & Suspense,778
Stephen Whitty,Romance,882
Stephen Whitty,Science Fiction & Fantasy,736
Stephen Whitty,Special Interest,95
Stephen Whitty,Sports & Fitness,30
Stephen Whitty,Television,13
Stephen Whitty,Western,41
Steve Rhodes,Action & Adventure,1461
Steve Rhodes,Animation,556
Steve Rhodes,Anime & Manga,16
Steve Rhodes,Art House & International,351
Steve Rhodes,Classics,128
Steve Rhodes,Comedy,2022
Steve Rhodes,Cult Movies,9
Steve Rhodes,Documentary,132
Steve Rhodes,Drama,2351
Steve Rhodes,Faith & Spirituality,3
Steve Rhodes,Gay & Lesbian,17
Steve Rhodes,Horror,281
Steve Rhodes,Kids & Family,851
Steve Rhodes,Musical & Performing Arts,191
Steve Rhodes,Mystery & Suspense,1022
Steve Rhodes,Romance,629
Steve Rhodes,Science Fiction & Fantasy,774
Steve Rhodes,Special Interest,131
Steve Rhodes,Sports & Fitness,33
Steve Rhodes,Television,37
Steve Rhodes,Western,43
Steven Rea,Action & Adventure,1096
Steven Rea,Animation,339
Steven Rea,Art House & International,978
Steven Rea,Classics,30
Steven Rea,Comedy,1301
Steven Rea,Cult Movies,9
Steven Rea,Documentary,222
Steven Rea,Drama,2573
Steven Rea,Faith & Spirituality,22
Steven Rea,Gay & Lesbian,3
Steven Rea,Horror,199
Steven Rea,Kids & Family,376
Steven Rea,Musical & Performing Arts,109
Steven Rea,Mystery & Suspense,808
Steven Rea,Romance,930
Steven Rea,Science Fiction & Fantasy,680
Steven Rea,Special Interest,192
Steven Rea,Sports & Fitness,27
Steven Rea,Television,13
Steven Rea,Western,47
Susan Granger,Action & Adventure,2122
Susan Granger,Animation,810
Susan Granger,Art House & International,786
Susan Granger,Classics,44
Susan Granger,Comedy,2576
Susan Granger,Cult Movies,6
Susan Granger,Documentary,133
Susan Granger,Drama,3319
Susan Granger,Faith & Spirituality,22
Susan Granger,Gay & Lesbian,1
Susan Granger,Horror,394
Susan Granger,Kids & Family,998
Susan Granger,Musical & Performing Arts,142
Susan Granger,Mystery & Suspense,1142
Susan Granger,Romance,1121
Susan Granger,Science Fiction & Fantasy,1179
Susan Granger,Special Interest,109
Susan Granger,Sports & Fitness,43
Susan Granger,Television,17
Susan Granger,Western,67
Tim Brayton,Action & Adventure,2236
Tim Brayton,Animation,1560
Tim Brayton,Anime & Manga,3
Tim Brayton,Art House & International,959
Tim Brayton,Classics,720
Tim Brayton,Comedy,1742
Tim Brayton,Cult Movies,41
Tim Brayton,Documentary,93
Tim Brayton,Drama,2956
Tim Brayton,Faith & Spirituality,4
Tim Brayton,Gay & Lesbian,1
Tim Brayton,Horror,836
Tim Brayton,Kids & Family,1614
Tim Brayton,Musical & Performing Arts,370
Tim Brayton,Mystery & Suspense,1207
Tim Brayton,Romance,991
Tim Brayton,Science Fiction & Fantasy,1850
Tim Brayton,Special Interest,151
Tim Brayton,Sports & Fitness,23
Tim Brayton,Television,18
Tim Brayton,Western,103
Tim Robey,Action & Adventure,533
Tim Robey,Animation,151
Tim Robey,Art House & International,239
Tim Robey,Classics,38
Tim Robey,Comedy,636
Tim Robey,Cult Movies,5
Tim Robey,Documentary,49
Tim Robey,Drama,1082
Tim Robey,Faith & Spirituality,3
Tim Robey,Horror,221
Tim Robey,Kids & Family,168
Tim Robey,Musical & Performing Arts,46
Tim Robey,Mystery & Suspense,483
Tim Robey,Romance,183
Tim Robey,Science Fiction & Fantasy,317
Tim Robey,Special Interest,40
Tim Robey,Sports & Fitness,21
Tim Robey,Television,5
Tim Robey,Western,22
Tom Long,Action & Adventure,1281
Tom Long,Animation,373
Tom Long,Art House & International,361
Tom Long,Classics,34
Tom Long,Comedy,1702
Tom Long,Cult Movies,3
Tom Long,Documentary,205
Tom Long,Drama,2155
Tom Long,Faith & Spirituality,4
Tom Long,Gay & Lesbian,2
Tom Long,Horror,216
Tom Long,Kids & Family,555
Tom Long,Musical & Performing Arts,104
Tom Long,Mystery & Suspense,777
Tom Long,Romance,459
Tom Long,Science Fiction & Fantasy,663
Tom Long,Special Interest,172
Tom Long,Sports & Fitness,46
Tom Long,Television,20
Tom Long,Western,38
Tony Medley,Action & Adventure,991
Tony Medley,Animation,39
Tony Medley,Art House & International,159
Tony Medley,Classics,46
Tony Medley,Comedy,1008
Tony Medley,Documentary,127
Tony Medley,Drama,1626
Tony Medley,Faith & Spirituality,1
Tony Medley,Gay & Lesbian,1
Tony Medley,Horror,37
Tony Medley,Kids & Family,148
Tony Medley,Musical & Performing Arts,77
Tony Medley,Mystery & Suspense,611
Tony Medley,Romance,369
Tony Medley,Science Fiction & Fantasy,405
Tony Medley,Special Interest,95
Tony Medley,Sports & Fitness,49
Tony Medley,Television,14
Tony Medley,Western,31
Travis Hopson,Action & Adventure,617
Travis Hopson,Animation,145
Travis Hopson,Art House & International,71
Travis Hopson,Classics,7
Travis Hopson,Comedy,539
Travis Hopson,Cult Movies,2
Travis Hopson,Documentary,19
Travis Hopson,Drama,1005
Travis Hopson,Horror,109
Travis Hopson,Kids & Family,119
Travis Hopson,Musical & Performing Arts,35
Travis Hopson,Mystery & Suspense,307
Travis Hopson,Romance,112
Travis Hopson,Science Fiction & Fantasy,344
Travis Hopson,Special Interest,17
Travis Hopson,Sports & Fitness,8
Travis Hopson,Western,29
Ty Burr,Action & Adventure,1208
Ty Burr,Animation,440
Ty Burr,Anime & Manga,15
Ty Burr,Art House & International,450
Ty Burr,Classics,84
Ty Burr,Comedy,1760
Ty Burr,Cult Movies,1
Ty Burr,Documentary,272
Ty Burr,Drama,2250
Ty Burr,Faith & Spirituality,14
Ty Burr,Gay & Lesbian,2
Ty Burr,Horror,228
Ty Burr,Kids & Family,636
Ty Burr,Musical & Performing Arts,171
Ty Burr,Mystery & Suspense,676
Ty Burr,Romance,373
Ty Burr,Science Fiction & Fantasy,685
Ty Burr,Special Interest,236
Ty Burr,Sports & Fitness,36
Ty Burr,Television,23
Ty Burr,Western,57
Walter Chaw,Action & Adventure,1405
Walter Chaw,Animation,377
Walter Chaw,Anime & Manga,1
Walter Chaw,Art House & International,302
Walter Chaw,Classics,154
Walter Chaw,Comedy,1343
Walter Chaw,Cult Movies,11
Walter Chaw,Documentary,61
Walter Chaw,Drama,1953
Walter Chaw,Faith & Spirituality,6
Walter Chaw,Gay & Lesbian,1
Walter Chaw,Horror,399
Walter Chaw,Kids & Family,501
Walter Chaw,Musical & Performing Arts,109
Walter Chaw,Mystery & Suspense,906
Walter Chaw,Romance,471
Walter Chaw,Science Fiction & Fantasy,871
Walter Chaw,Special Interest,59
Walter Chaw,Sports & Fitness,37
Walter Chaw,Television,16
Walter Chaw,Western,59
Wesley Morris,Action & Adventure,660
Wesley Morris,Animation,122
Wesley Morris,Anime & Manga,1
Wesley Morris,Art House & International,910
Wesley Morris,Classics,21
Wesley Morris,Comedy,1423
Wesley Morris,Cult Movies,8
Wesley Morris,Documentary,134
Wesley Morris,Drama,2195
Wesley Morris,Faith & Spirituality,19
Wesley Morris,Gay & Lesbian,7
Wesley Morris,Horror,255
Wesley Morris,Kids & Family,213
Wesley Morris,Musical & Performing Arts,85
Wesley Morris,Mystery & Suspense,580
Wesley Morris,Romance,907
Wesley Morris,Science Fiction & Fantasy,378
Wesley Morris,Special Interest,108
Wesley Morris,Sports & Fitness,31
Wesley Morris,Television,17
Wesley Morris,Western,16
Willie Waffle,Action & Adventure,1493
Willie Waffle,Animation,576
Willie Waffle,Art House & International,39
Willie Waffle,Classics,24
Willie Waffle,Comedy,1995
Willie Waffle,Cult Movies,1
Willie Waffle,Documentary,97
Willie Waffle,Drama,1867
Willie Waffle,Faith & Spirituality,1
Willie Waffle,Gay & Lesbian,1
Willie Waffle,Horror,284
Willie Waffle,Kids & Family,773
Willie Waffle,Musical & Performing Arts,123
Willie Waffle,Mystery & Suspense,739
Willie Waffle,Romance,437
Willie Waffle,Science Fiction & Fantasy,766
Willie Waffle,Special Interest,88
Willie Waffle,Sports & Fitness,42
Willie Waffle,Television,11
Willie Waffle,Western,32
